Iteration,Category,data_type,Min,Max,Mean,Median,STD
140,Mixture,harmonic,-0.33,0.37,0.0,0.0,0.07
137,Mixture,harmonic,-0.29,0.31,-0.0,0.0,0.07
137,Mixture,skewness,-0.06,-0.06,-0.06,-0.06,0.0
138,Mixture,harmonic,-0.29,0.31,-0.0,-0.0,0.07
138,Mixture,skewness,0.01,0.01,0.01,0.01,0.0
139,Mixture,harmonic,-0.33,0.3,-0.0,0.0,0.06
139,Mixture,skewness,-0.12,-0.12,-0.12,-0.12,0.0
140,Mixture,skewness,0.02,0.02,0.02,0.02,0.0
141,Mixture,harmonic,-0.35,0.34,0.0,0.0,0.08
141,Mixture,skewness,-0.0,-0.0,-0.0,-0.0,0.0
142,Mixture,harmonic,-0.36,0.42,-0.0,0.0,0.08
136,Mixture,skewness,-0.0,-0.0,-0.0,-0.0,0.0
142,Mixture,skewness,0.12,0.12,0.12,0.12,0.0
143,Mixture,skewness,0.1,0.1,0.1,0.1,0.0
144,Mixture,harmonic,-0.31,0.31,-0.0,-0.0,0.08
144,Mixture,skewness,0.07,0.07,0.07,0.07,0.0
145,Mixture,harmonic,-0.28,0.27,-0.0,0.0,0.06
145,Mixture,skewness,-0.25,-0.25,-0.25,-0.25,0.0
146,Mixture,harmonic,-0.35,0.32,-0.0,-0.0,0.08
146,Mixture,skewness,0.1,0.1,0.1,0.1,0.0
147,Mixture,harmonic,-0.33,0.27,-0.0,0.0,0.07
147,Mixture,skewness,-0.18,-0.18,-0.18,-0.18,0.0
148,Mixture,harmonic,-0.33,0.33,-0.0,0.0,0.07
143,Mixture,harmonic,-0.33,0.28,0.0,-0.0,0.06
148,Mixture,skewness,-0.02,-0.02,-0.02,-0.02,0.0
136,Mixture,harmonic,-0.25,0.25,-0.0,-0.0,0.05
135,Mixture,harmonic,-0.26,0.3,-0.0,-0.0,0.06
124,Mixture,harmonic,-0.26,0.28,-0.0,-0.0,0.06
124,Mixture,skewness,0.1,0.1,0.1,0.1,0.0
125,Mixture,harmonic,-0.31,0.31,-0.0,0.0,0.05
125,Mixture,skewness,-0.07,-0.07,-0.07,-0.07,0.0
126,Mixture,harmonic,-0.28,0.32,0.0,0.0,0.06
126,Mixture,skewness,-0.06,-0.06,-0.06,-0.06,0.0
127,Mixture,harmonic,-0.54,0.52,-0.0,0.0,0.11
127,Mixture,skewness,0.0,0.0,0.0,0.0,0.0
128,Mixture,harmonic,-0.27,0.27,-0.0,0.0,0.07
128,Mixture,skewness,0.0,0.0,0.0,0.0,0.0
135,Mixture,skewness,0.11,0.11,0.11,0.11,0.0
129,Mixture,harmonic,-0.28,0.26,-0.0,-0.0,0.06
130,Mixture,harmonic,-0.34,0.38,0.0,0.0,0.08
130,Mixture,skewness,0.05,0.05,0.05,0.05,0.0
131,Mixture,harmonic,-0.31,0.32,-0.0,0.0,0.07
131,Mixture,skewness,0.04,0.04,0.04,0.04,0.0
132,Mixture,harmonic,-0.28,0.26,-0.0,0.0,0.06
132,Mixture,skewness,-0.16,-0.16,-0.16,-0.16,0.0
133,Mixture,harmonic,-0.29,0.23,-0.0,0.0,0.05
133,Mixture,skewness,-0.05,-0.05,-0.05,-0.05,0.0
134,Mixture,harmonic,-0.32,0.34,0.0,0.0,0.07
134,Mixture,skewness,-0.04,-0.04,-0.04,-0.04,0.0
129,Mixture,skewness,0.06,0.06,0.06,0.06,0.0
149,Mixture,harmonic,-0.32,0.38,0.0,-0.0,0.08
149,Mixture,skewness,0.04,0.04,0.04,0.04,0.0
150,Mixture,harmonic,-0.27,0.29,-0.0,-0.0,0.05
164,Mixture,harmonic,-0.27,0.32,0.0,0.0,0.06
164,Mixture,skewness,-0.04,-0.04,-0.04,-0.04,0.0
165,Mixture,harmonic,-0.31,0.29,0.0,0.0,0.07
165,Mixture,skewness,-0.05,-0.05,-0.05,-0.05,0.0
166,Mixture,harmonic,-0.31,0.29,0.0,-0.0,0.07
166,Mixture,skewness,0.02,0.02,0.02,0.02,0.0
167,Mixture,harmonic,-0.31,0.28,-0.0,-0.0,0.06
167,Mixture,skewness,0.01,0.01,0.01,0.01,0.0
168,Mixture,harmonic,-0.29,0.34,0.0,-0.0,0.07
168,Mixture,skewness,0.01,0.01,0.01,0.01,0.0
163,Mixture,skewness,-0.02,-0.02,-0.02,-0.02,0.0
169,Mixture,harmonic,-0.3,0.29,0.0,0.0,0.07
170,Mixture,harmonic,-0.36,0.38,-0.0,0.0,0.07
170,Mixture,skewness,-0.04,-0.04,-0.04,-0.04,0.0
171,Mixture,harmonic,-0.34,0.29,0.0,-0.0,0.08
171,Mixture,skewness,-0.07,-0.07,-0.07,-0.07,0.0
172,Mixture,harmonic,-0.31,0.28,0.0,0.0,0.06
172,Mixture,skewness,-0.06,-0.06,-0.06,-0.06,0.0
173,Mixture,harmonic,-0.3,0.32,0.0,-0.0,0.06
173,Mixture,skewness,0.06,0.06,0.06,0.06,0.0
174,Mixture,harmonic,-0.33,0.35,0.0,0.0,0.08
174,Mixture,skewness,-0.01,-0.01,-0.01,-0.01,0.0
169,Mixture,skewness,-0.26,-0.26,-0.26,-0.26,0.0
163,Mixture,harmonic,-0.31,0.32,-0.0,-0.0,0.08
162,Mixture,skewness,-0.06,-0.06,-0.06,-0.06,0.0
162,Mixture,harmonic,-0.31,0.29,-0.0,-0.0,0.07
150,Mixture,skewness,-0.03,-0.03,-0.03,-0.03,0.0
151,Mixture,harmonic,-0.29,0.3,0.0,0.0,0.06
151,Mixture,skewness,-0.02,-0.02,-0.02,-0.02,0.0
152,Mixture,harmonic,-0.35,0.34,0.0,-0.0,0.07
152,Mixture,skewness,0.04,0.04,0.04,0.04,0.0
153,Mixture,harmonic,-0.36,0.33,-0.0,-0.0,0.07
153,Mixture,skewness,-0.01,-0.01,-0.01,-0.01,0.0
154,Mixture,harmonic,-0.31,0.38,-0.0,0.0,0.07
154,Mixture,skewness,0.02,0.02,0.02,0.02,0.0
155,Mixture,harmonic,-0.39,0.35,-0.0,-0.0,0.08
155,Mixture,skewness,0.05,0.05,0.05,0.05,0.0
156,Mixture,harmonic,-0.34,0.39,-0.0,0.0,0.07
156,Mixture,skewness,-0.04,-0.04,-0.04,-0.04,0.0
157,Mixture,harmonic,-0.27,0.37,-0.0,-0.0,0.06
157,Mixture,skewness,0.15,0.15,0.15,0.15,0.0
158,Mixture,harmonic,-0.27,0.34,0.0,0.0,0.06
158,Mixture,skewness,-0.02,-0.02,-0.02,-0.02,0.0
159,Mixture,harmonic,-0.34,0.29,0.0,0.0,0.07
159,Mixture,skewness,-0.1,-0.1,-0.1,-0.1,0.0
160,Mixture,harmonic,-0.32,0.33,-0.0,0.0,0.07
160,Mixture,skewness,0.02,0.02,0.02,0.02,0.0
161,Mixture,harmonic,-0.27,0.29,-0.0,-0.0,0.06
161,Mixture,skewness,0.06,0.06,0.06,0.06,0.0
123,Mixture,skewness,-0.19,-0.19,-0.19,-0.19,0.0
123,Mixture,harmonic,-0.39,0.4,0.0,0.0,0.09
122,Mixture,skewness,-0.05,-0.05,-0.05,-0.05,0.0
122,Mixture,harmonic,-0.4,0.39,-0.0,0.0,0.08
84,Mixture,skewness,-0.02,-0.02,-0.02,-0.02,0.0
85,Mixture,harmonic,-0.3,0.33,0.0,-0.0,0.08
85,Mixture,skewness,0.11,0.11,0.11,0.11,0.0
86,Mixture,harmonic,-0.32,0.31,-0.0,0.0,0.07
86,Mixture,skewness,-0.07,-0.07,-0.07,-0.07,0.0
87,Mixture,harmonic,-0.34,0.31,-0.0,-0.0,0.08
87,Mixture,skewness,0.07,0.07,0.07,0.07,0.0
88,Mixture,harmonic,-0.3,0.32,-0.0,0.0,0.06
88,Mixture,skewness,-0.16,-0.16,-0.16,-0.16,0.0
89,Mixture,harmonic,-0.25,0.26,-0.0,0.0,0.06
84,Mixture,harmonic,-0.34,0.33,-0.0,-0.0,0.06
89,Mixture,skewness,0.05,0.05,0.05,0.05,0.0
90,Mixture,skewness,-0.02,-0.02,-0.02,-0.02,0.0
91,Mixture,harmonic,-0.33,0.31,0.0,0.0,0.07
91,Mixture,skewness,-0.07,-0.07,-0.07,-0.07,0.0
92,Mixture,harmonic,-0.26,0.3,0.0,0.0,0.06
92,Mixture,skewness,0.0,0.0,0.0,0.0,0.0
93,Mixture,harmonic,-0.36,0.35,0.0,0.0,0.07
93,Mixture,skewness,-0.08,-0.08,-0.08,-0.08,0.0
94,Mixture,harmonic,-0.25,0.31,0.0,0.0,0.06
94,Mixture,skewness,0.09,0.09,0.09,0.09,0.0
95,Mixture,harmonic,-0.28,0.3,-0.0,-0.0,0.07
90,Mixture,harmonic,-0.36,0.32,0.0,0.0,0.08
83,Mixture,skewness,0.06,0.06,0.06,0.06,0.0
83,Mixture,harmonic,-0.33,0.38,-0.0,0.0,0.07
82,Mixture,skewness,0.07,0.07,0.07,0.07,0.0
71,Mixture,harmonic,-0.31,0.32,0.0,-0.0,0.07
71,Mixture,skewness,0.02,0.02,0.02,0.02,0.0
72,Mixture,harmonic,-0.5,0.47,-0.0,0.0,0.11
72,Mixture,skewness,-0.29,-0.29,-0.29,-0.29,0.0
73,Mixture,harmonic,-0.27,0.25,-0.0,-0.0,0.06
73,Mixture,skewness,0.05,0.05,0.05,0.05,0.0
74,Mixture,harmonic,-0.35,0.3,0.0,-0.0,0.07
74,Mixture,skewness,0.05,0.05,0.05,0.05,0.0
75,Mixture,harmonic,-0.4,0.38,0.0,0.0,0.08
75,Mixture,skewness,0.03,0.03,0.03,0.03,0.0
76,Mixture,harmonic,-0.35,0.35,-0.0,-0.0,0.07
76,Mixture,skewness,0.04,0.04,0.04,0.04,0.0
77,Mixture,harmonic,-0.29,0.32,-0.0,0.0,0.07
77,Mixture,skewness,0.09,0.09,0.09,0.09,0.0
78,Mixture,harmonic,-0.33,0.36,-0.0,-0.0,0.07
78,Mixture,skewness,0.06,0.06,0.06,0.06,0.0
79,Mixture,harmonic,-0.34,0.25,0.0,0.0,0.07
79,Mixture,skewness,-0.38,-0.38,-0.38,-0.38,0.0
80,Mixture,harmonic,-0.38,0.38,-0.0,0.0,0.07
80,Mixture,skewness,-0.08,-0.08,-0.08,-0.08,0.0
81,Mixture,harmonic,-0.37,0.35,-0.0,0.0,0.07
81,Mixture,skewness,-0.01,-0.01,-0.01,-0.01,0.0
82,Mixture,harmonic,-0.29,0.3,0.0,0.0,0.06
95,Mixture,skewness,0.08,0.08,0.08,0.08,0.0
175,Mixture,harmonic,-0.29,0.26,-0.0,0.0,0.07
96,Mixture,harmonic,-0.28,0.29,-0.0,-0.0,0.06
97,Mixture,harmonic,-0.27,0.22,-0.0,0.0,0.06
111,Mixture,harmonic,-0.37,0.33,0.0,0.0,0.09
111,Mixture,skewness,-0.19,-0.19,-0.19,-0.19,0.0
112,Mixture,harmonic,-0.18,0.32,0.0,-0.0,0.05
112,Mixture,skewness,0.29,0.29,0.29,0.29,0.0
113,Mixture,harmonic,-0.33,0.33,-0.0,-0.0,0.07
113,Mixture,skewness,0.05,0.05,0.05,0.05,0.0
114,Mixture,harmonic,-0.38,0.36,-0.0,-0.0,0.06
114,Mixture,skewness,0.04,0.04,0.04,0.04,0.0
115,Mixture,harmonic,-0.29,0.31,0.0,0.0,0.07
115,Mixture,skewness,0.04,0.04,0.04,0.04,0.0
110,Mixture,skewness,-0.06,-0.06,-0.06,-0.06,0.0
116,Mixture,harmonic,-0.34,0.31,-0.0,-0.0,0.07
117,Mixture,harmonic,-0.29,0.3,-0.0,-0.0,0.05
117,Mixture,skewness,0.0,0.0,0.0,0.0,0.0
118,Mixture,harmonic,-0.25,0.28,-0.0,-0.0,0.06
118,Mixture,skewness,0.11,0.11,0.11,0.11,0.0
119,Mixture,harmonic,-0.38,0.4,-0.0,-0.0,0.09
119,Mixture,skewness,0.08,0.08,0.08,0.08,0.0
120,Mixture,harmonic,-0.36,0.33,-0.0,-0.0,0.07
120,Mixture,skewness,0.03,0.03,0.03,0.03,0.0
121,Mixture,harmonic,-0.27,0.32,-0.0,-0.0,0.06
121,Mixture,skewness,0.07,0.07,0.07,0.07,0.0
116,Mixture,skewness,-0.03,-0.03,-0.03,-0.03,0.0
110,Mixture,harmonic,-0.26,0.22,-0.0,0.0,0.06
109,Mixture,skewness,-0.0,-0.0,-0.0,-0.0,0.0
109,Mixture,harmonic,-0.34,0.34,-0.0,0.0,0.07
97,Mixture,skewness,-0.0,-0.0,-0.0,-0.0,0.0
98,Mixture,harmonic,-0.31,0.32,-0.0,-0.0,0.07
98,Mixture,skewness,0.25,0.25,0.25,0.25,0.0
99,Mixture,harmonic,-0.4,0.42,-0.0,-0.0,0.08
99,Mixture,skewness,0.02,0.02,0.02,0.02,0.0
100,Mixture,harmonic,-0.28,0.25,-0.0,0.0,0.06
100,Mixture,skewness,-0.16,-0.16,-0.16,-0.16,0.0
101,Mixture,harmonic,-0.27,0.24,0.0,0.0,0.07
101,Mixture,skewness,-0.26,-0.26,-0.26,-0.26,0.0
102,Mixture,harmonic,-0.32,0.32,-0.0,0.0,0.07
102,Mixture,skewness,-0.04,-0.04,-0.04,-0.04,0.0
103,Mixture,harmonic,-0.45,0.42,0.0,-0.0,0.08
103,Mixture,skewness,0.16,0.16,0.16,0.16,0.0
104,Mixture,harmonic,-0.25,0.22,-0.0,0.0,0.06
104,Mixture,skewness,-0.24,-0.24,-0.24,-0.24,0.0
105,Mixture,harmonic,-0.3,0.25,0.0,0.0,0.06
105,Mixture,skewness,-0.21,-0.21,-0.21,-0.21,0.0
106,Mixture,harmonic,-0.26,0.28,0.0,0.0,0.05
106,Mixture,skewness,-0.07,-0.07,-0.07,-0.07,0.0
107,Mixture,harmonic,-0.33,0.29,0.0,-0.0,0.07
107,Mixture,skewness,-0.01,-0.01,-0.01,-0.01,0.0
108,Mixture,harmonic,-0.24,0.29,-0.0,0.0,0.05
108,Mixture,skewness,0.13,0.13,0.13,0.13,0.0
96,Mixture,skewness,-0.01,-0.01,-0.01,-0.01,0.0
70,Mixture,skewness,0.09,0.09,0.09,0.09,0.0
175,Mixture,skewness,-0.02,-0.02,-0.02,-0.02,0.0
176,Mixture,skewness,0.18,0.18,0.18,0.18,0.0
243,Mixture,harmonic,-0.3,0.28,0.0,0.0,0.06
243,Mixture,skewness,-0.1,-0.1,-0.1,-0.1,0.0
244,Mixture,harmonic,-0.42,0.42,-0.0,0.0,0.09
244,Mixture,skewness,-0.2,-0.2,-0.2,-0.2,0.0
245,Mixture,harmonic,-0.35,0.35,0.0,-0.0,0.08
245,Mixture,skewness,0.07,0.07,0.07,0.07,0.0
246,Mixture,harmonic,-0.26,0.31,0.0,-0.0,0.07
246,Mixture,skewness,0.07,0.07,0.07,0.07,0.0
247,Mixture,harmonic,-0.33,0.35,-0.0,-0.0,0.08
247,Mixture,skewness,0.08,0.08,0.08,0.08,0.0
242,Mixture,skewness,0.02,0.02,0.02,0.02,0.0
248,Mixture,harmonic,-0.26,0.29,-0.0,0.0,0.05
249,Mixture,harmonic,-0.3,0.27,0.0,-0.0,0.07
249,Mixture,skewness,-0.01,-0.01,-0.01,-0.01,0.0
250,Mixture,harmonic,-0.25,0.3,-0.0,0.0,0.05
250,Mixture,skewness,0.13,0.13,0.13,0.13,0.0
251,Mixture,harmonic,-0.29,0.31,0.0,0.0,0.07
251,Mixture,skewness,0.05,0.05,0.05,0.05,0.0
252,Mixture,harmonic,-0.19,0.14,-0.0,0.0,0.03
252,Mixture,skewness,-1.49,-1.49,-1.49,-1.49,0.0
253,Mixture,harmonic,-0.29,0.31,-0.0,0.0,0.06
253,Mixture,skewness,0.03,0.03,0.03,0.03,0.0
248,Mixture,skewness,-0.12,-0.12,-0.12,-0.12,0.0
254,Mixture,harmonic,-0.26,0.28,0.0,-0.0,0.07
242,Mixture,harmonic,-0.35,0.32,0.0,0.0,0.07
241,Mixture,harmonic,-0.3,0.29,-0.0,-0.0,0.07
230,Mixture,harmonic,-0.22,0.22,-0.0,-0.0,0.05
230,Mixture,skewness,0.04,0.04,0.04,0.04,0.0
231,Mixture,harmonic,-0.26,0.32,-0.0,-0.0,0.07
231,Mixture,skewness,0.02,0.02,0.02,0.02,0.0
232,Mixture,harmonic,-0.32,0.3,0.0,-0.0,0.07
232,Mixture,skewness,0.06,0.06,0.06,0.06,0.0
233,Mixture,harmonic,-0.3,0.33,0.0,0.0,0.07
233,Mixture,skewness,-0.03,-0.03,-0.03,-0.03,0.0
234,Mixture,harmonic,-0.37,0.36,0.0,0.0,0.07
234,Mixture,skewness,-0.05,-0.05,-0.05,-0.05,0.0
241,Mixture,skewness,-0.03,-0.03,-0.03,-0.03,0.0
235,Mixture,harmonic,-0.23,0.19,0.0,0.0,0.05
236,Mixture,harmonic,-0.32,0.33,-0.0,0.0,0.08
236,Mixture,skewness,0.02,0.02,0.02,0.02,0.0
237,Mixture,harmonic,-0.36,0.33,0.0,0.0,0.07
237,Mixture,skewness,-0.15,-0.15,-0.15,-0.15,0.0
238,Mixture,harmonic,-0.32,0.31,0.0,-0.0,0.07
238,Mixture,skewness,0.06,0.06,0.06,0.06,0.0
239,Mixture,harmonic,-0.34,0.32,0.0,0.0,0.07
239,Mixture,skewness,-0.3,-0.3,-0.3,-0.3,0.0
240,Mixture,harmonic,-0.18,0.21,-0.0,0.0,0.04
240,Mixture,skewness,-0.22,-0.22,-0.22,-0.22,0.0
235,Mixture,skewness,-0.19,-0.19,-0.19,-0.19,0.0
254,Mixture,skewness,0.07,0.07,0.07,0.07,0.0
255,Mixture,harmonic,-0.32,0.32,0.0,-0.0,0.07
255,Mixture,skewness,0.06,0.06,0.06,0.06,0.0
269,Mixture,skewness,-0.05,-0.05,-0.05,-0.05,0.0
270,Mixture,harmonic,-0.27,0.35,0.0,-0.0,0.07
270,Mixture,skewness,0.08,0.08,0.08,0.08,0.0
271,Mixture,harmonic,-0.37,0.28,-0.0,0.0,0.06
271,Mixture,skewness,-0.33,-0.33,-0.33,-0.33,0.0
272,Mixture,harmonic,-0.26,0.29,-0.0,0.0,0.05
272,Mixture,skewness,0.05,0.05,0.05,0.05,0.0
273,Mixture,harmonic,-0.07,0.11,0.0,-0.0,0.02
273,Mixture,skewness,1.04,1.04,1.04,1.04,0.0
274,Mixture,harmonic,-0.33,0.28,-0.0,0.0,0.06
269,Mixture,harmonic,-0.32,0.29,0.0,0.0,0.06
274,Mixture,skewness,-0.09,-0.09,-0.09,-0.09,0.0
275,Mixture,skewness,-0.15,-0.15,-0.15,-0.15,0.0
276,Mixture,harmonic,-0.29,0.27,0.0,-0.0,0.05
276,Mixture,skewness,-0.03,-0.03,-0.03,-0.03,0.0
277,Mixture,harmonic,-0.32,0.31,0.0,-0.0,0.07
277,Mixture,skewness,0.05,0.05,0.05,0.05,0.0
278,Mixture,harmonic,-0.28,0.33,0.0,-0.0,0.07
278,Mixture,skewness,0.13,0.13,0.13,0.13,0.0
279,Mixture,harmonic,-0.25,0.27,-0.0,0.0,0.05
279,Mixture,skewness,-0.02,-0.02,-0.02,-0.02,0.0
280,Mixture,harmonic,-0.25,0.24,-0.0,0.0,0.06
275,Mixture,harmonic,-0.38,0.29,0.0,0.0,0.07
268,Mixture,skewness,-0.14,-0.14,-0.14,-0.14,0.0
268,Mixture,harmonic,-0.34,0.27,0.0,-0.0,0.07
267,Mixture,skewness,-0.15,-0.15,-0.15,-0.15,0.0
256,Mixture,harmonic,-0.25,0.22,0.0,0.0,0.06
256,Mixture,skewness,-0.05,-0.05,-0.05,-0.05,0.0
257,Mixture,harmonic,-0.31,0.29,0.0,0.0,0.07
257,Mixture,skewness,-0.27,-0.27,-0.27,-0.27,0.0
258,Mixture,harmonic,-0.27,0.28,0.0,0.0,0.06
258,Mixture,skewness,0.07,0.07,0.07,0.07,0.0
259,Mixture,harmonic,-0.29,0.3,-0.0,-0.0,0.06
259,Mixture,skewness,0.03,0.03,0.03,0.03,0.0
260,Mixture,harmonic,-0.27,0.21,0.0,0.0,0.06
260,Mixture,skewness,-0.39,-0.39,-0.39,-0.39,0.0
261,Mixture,harmonic,-0.28,0.22,0.0,0.0,0.06
261,Mixture,skewness,0.01,0.01,0.01,0.01,0.0
262,Mixture,harmonic,-0.33,0.31,0.0,-0.0,0.06
262,Mixture,skewness,0.06,0.06,0.06,0.06,0.0
263,Mixture,harmonic,-0.27,0.24,0.0,0.0,0.05
263,Mixture,skewness,-0.04,-0.04,-0.04,-0.04,0.0
264,Mixture,harmonic,-0.32,0.34,-0.0,0.0,0.06
264,Mixture,skewness,-0.13,-0.13,-0.13,-0.13,0.0
265,Mixture,harmonic,-0.29,0.27,0.0,0.0,0.07
265,Mixture,skewness,0.03,0.03,0.03,0.03,0.0
266,Mixture,harmonic,-0.31,0.33,0.0,0.0,0.08
266,Mixture,skewness,-0.11,-0.11,-0.11,-0.11,0.0
267,Mixture,harmonic,-0.33,0.27,-0.0,0.0,0.07
229,Mixture,skewness,0.01,0.01,0.01,0.01,0.0
229,Mixture,harmonic,-0.31,0.31,0.0,-0.0,0.06
228,Mixture,skewness,0.08,0.08,0.08,0.08,0.0
228,Mixture,harmonic,-0.37,0.4,0.0,-0.0,0.07
190,Mixture,skewness,0.03,0.03,0.03,0.03,0.0
191,Mixture,harmonic,-0.26,0.33,-0.0,-0.0,0.06
191,Mixture,skewness,0.07,0.07,0.07,0.07,0.0
192,Mixture,harmonic,-0.33,0.38,-0.0,0.0,0.07
192,Mixture,skewness,0.0,0.0,0.0,0.0,0.0
193,Mixture,harmonic,-0.33,0.28,0.0,0.0,0.06
193,Mixture,skewness,-0.23,-0.23,-0.23,-0.23,0.0
194,Mixture,harmonic,-0.32,0.31,-0.0,0.0,0.06
194,Mixture,skewness,-0.11,-0.11,-0.11,-0.11,0.0
195,Mixture,harmonic,-0.3,0.28,-0.0,0.0,0.06
190,Mixture,harmonic,-0.35,0.35,-0.0,0.0,0.06
195,Mixture,skewness,-0.06,-0.06,-0.06,-0.06,0.0
196,Mixture,skewness,-0.18,-0.18,-0.18,-0.18,0.0
197,Mixture,harmonic,-0.41,0.4,0.0,0.0,0.09
197,Mixture,skewness,-0.09,-0.09,-0.09,-0.09,0.0
198,Mixture,harmonic,-0.31,0.3,0.0,-0.0,0.07
198,Mixture,skewness,0.05,0.05,0.05,0.05,0.0
199,Mixture,harmonic,-0.32,0.32,0.0,0.0,0.07
199,Mixture,skewness,0.06,0.06,0.06,0.06,0.0
200,Mixture,harmonic,-0.22,0.19,0.0,0.0,0.04
200,Mixture,skewness,-0.19,-0.19,-0.19,-0.19,0.0
201,Mixture,harmonic,-0.37,0.36,0.0,-0.0,0.09
196,Mixture,harmonic,-0.26,0.24,0.0,0.0,0.05
189,Mixture,skewness,0.02,0.02,0.02,0.02,0.0
189,Mixture,harmonic,-0.22,0.24,-0.0,-0.0,0.05
188,Mixture,skewness,-0.03,-0.03,-0.03,-0.03,0.0
177,Mixture,harmonic,-0.4,0.36,-0.0,-0.0,0.08
177,Mixture,skewness,0.07,0.07,0.07,0.07,0.0
178,Mixture,harmonic,-0.37,0.34,-0.0,0.0,0.07
178,Mixture,skewness,-0.07,-0.07,-0.07,-0.07,0.0
179,Mixture,harmonic,-0.41,0.41,-0.0,-0.0,0.08
179,Mixture,skewness,0.07,0.07,0.07,0.07,0.0
180,Mixture,harmonic,-0.3,0.34,-0.0,0.0,0.06
180,Mixture,skewness,0.01,0.01,0.01,0.01,0.0
181,Mixture,harmonic,-0.28,0.27,-0.0,0.0,0.07
181,Mixture,skewness,-0.17,-0.17,-0.17,-0.17,0.0
182,Mixture,harmonic,-0.31,0.33,-0.0,-0.0,0.07
182,Mixture,skewness,0.08,0.08,0.08,0.08,0.0
183,Mixture,harmonic,-0.31,0.28,0.0,-0.0,0.07
183,Mixture,skewness,-0.03,-0.03,-0.03,-0.03,0.0
184,Mixture,harmonic,-0.27,0.27,-0.0,-0.0,0.06
184,Mixture,skewness,0.2,0.2,0.2,0.2,0.0
185,Mixture,harmonic,-0.31,0.31,0.0,0.0,0.07
185,Mixture,skewness,-0.0,-0.0,-0.0,-0.0,0.0
186,Mixture,harmonic,-0.29,0.31,0.0,0.0,0.08
186,Mixture,skewness,-0.1,-0.1,-0.1,-0.1,0.0
187,Mixture,harmonic,-0.35,0.3,-0.0,0.0,0.07
187,Mixture,skewness,-0.01,-0.01,-0.01,-0.01,0.0
188,Mixture,harmonic,-0.16,0.17,0.0,0.0,0.02
201,Mixture,skewness,0.15,0.15,0.15,0.15,0.0
176,Mixture,harmonic,-0.2,0.24,-0.0,0.0,0.05
202,Mixture,harmonic,-0.36,0.39,-0.0,-0.0,0.09
203,Mixture,harmonic,-0.41,0.35,-0.03,-0.03,0.08
217,Mixture,harmonic,-0.27,0.24,-0.0,-0.0,0.05
217,Mixture,skewness,-0.04,-0.04,-0.04,-0.04,0.0
218,Mixture,harmonic,-0.28,0.27,0.0,0.0,0.07
218,Mixture,skewness,-0.03,-0.03,-0.03,-0.03,0.0
219,Mixture,harmonic,-0.25,0.3,-0.0,-0.0,0.07
219,Mixture,skewness,0.12,0.12,0.12,0.12,0.0
220,Mixture,harmonic,-0.24,0.21,0.0,0.0,0.05
220,Mixture,skewness,-0.16,-0.16,-0.16,-0.16,0.0
221,Mixture,harmonic,-0.31,0.26,-0.0,-0.0,0.06
221,Mixture,skewness,-0.08,-0.08,-0.08,-0.08,0.0
216,Mixture,skewness,0.01,0.01,0.01,0.01,0.0
222,Mixture,harmonic,-0.35,0.32,0.0,-0.0,0.07
223,Mixture,harmonic,-0.3,0.34,-0.0,0.0,0.07
223,Mixture,skewness,0.03,0.03,0.03,0.03,0.0
224,Mixture,harmonic,-0.32,0.31,-0.0,0.0,0.07
224,Mixture,skewness,0.01,0.01,0.01,0.01,0.0
225,Mixture,harmonic,-0.3,0.31,0.0,0.0,0.08
225,Mixture,skewness,-0.03,-0.03,-0.03,-0.03,0.0
226,Mixture,harmonic,-0.27,0.27,0.0,-0.0,0.06
226,Mixture,skewness,0.06,0.06,0.06,0.06,0.0
227,Mixture,harmonic,-0.33,0.31,-0.0,0.0,0.06
227,Mixture,skewness,0.02,0.02,0.02,0.02,0.0
222,Mixture,skewness,0.06,0.06,0.06,0.06,0.0
216,Mixture,harmonic,-0.31,0.31,-0.0,-0.0,0.07
215,Mixture,skewness,-0.23,-0.23,-0.23,-0.23,0.0
215,Mixture,harmonic,-0.31,0.27,-0.0,0.0,0.07
203,Mixture,skewness,-0.1,-0.1,-0.1,-0.1,0.0
204,Mixture,harmonic,-0.29,0.27,-0.0,0.0,0.06
204,Mixture,skewness,0.0,0.0,0.0,0.0,0.0
205,Mixture,harmonic,-0.28,0.31,0.0,-0.0,0.07
205,Mixture,skewness,-0.0,-0.0,-0.0,-0.0,0.0
206,Mixture,harmonic,-0.38,0.33,-0.0,0.0,0.07
206,Mixture,skewness,-0.13,-0.13,-0.13,-0.13,0.0
207,Mixture,harmonic,-0.35,0.32,0.0,0.0,0.08
207,Mixture,skewness,-0.23,-0.23,-0.23,-0.23,0.0
208,Mixture,harmonic,-0.39,0.36,-0.0,0.0,0.08
208,Mixture,skewness,-0.07,-0.07,-0.07,-0.07,0.0
209,Mixture,harmonic,-0.37,0.34,0.0,-0.0,0.07
209,Mixture,skewness,0.04,0.04,0.04,0.04,0.0
210,Mixture,harmonic,-0.31,0.3,0.0,-0.0,0.07
210,Mixture,skewness,0.04,0.04,0.04,0.04,0.0
211,Mixture,harmonic,-0.26,0.27,-0.0,0.0,0.05
211,Mixture,skewness,-0.11,-0.11,-0.11,-0.11,0.0
212,Mixture,harmonic,-0.29,0.33,0.0,0.0,0.07
212,Mixture,skewness,0.07,0.07,0.07,0.07,0.0
213,Mixture,harmonic,-0.31,0.37,-0.0,0.0,0.08
213,Mixture,skewness,0.15,0.15,0.15,0.15,0.0
214,Mixture,harmonic,-0.33,0.34,-0.0,0.0,0.08
214,Mixture,skewness,-0.06,-0.06,-0.06,-0.06,0.0
202,Mixture,skewness,0.15,0.15,0.15,0.15,0.0
70,Mixture,harmonic,-0.35,0.39,-0.0,-0.0,0.07
280,Mixture,skewness,-0.02,-0.02,-0.02,-0.02,0.0
55,Mixture,skewness,-0.07,-0.07,-0.07,-0.07,0.0
18,Mixture,skewness,-0.04,-0.04,-0.04,-0.04,0.0
27,Mixture,skewness,0.28,0.28,0.28,0.28,0.0
50,Mixture,harmonic,-0.31,0.28,0.0,0.0,0.07
38,Mixture,harmonic,-0.3,0.3,0.0,0.0,0.06
63,Mixture,skewness,-0.03,-0.03,-0.03,-0.03,0.0
2,Mixture,skewness,-0.12,-0.12,-0.12,-0.12,0.0
16,Mixture,harmonic,-0.34,0.29,0.0,0.0,0.07
28,Mixture,harmonic,-0.26,0.31,0.0,0.0,0.06
41,Mixture,skewness,-0.05,-0.05,-0.05,-0.05,0.0
58,Mixture,skewness,0.04,0.04,0.04,0.04,0.0
33,Mixture,harmonic,-0.27,0.33,-0.0,-0.0,0.06
50,Mixture,skewness,-0.09,-0.09,-0.09,-0.09,0.0
63,Mixture,harmonic,-0.27,0.28,-0.0,0.0,0.07
53,Mixture,skewness,0.0,0.0,0.0,0.0,0.0
28,Mixture,skewness,0.0,0.0,0.0,0.0,0.0
8,Mixture,skewness,0.06,0.06,0.06,0.06,0.0
42,Mixture,harmonic,-0.3,0.27,-0.03,-0.03,0.06
64,Mixture,harmonic,-0.29,0.32,0.0,-0.0,0.07
12,Mixture,harmonic,-0.34,0.33,0.0,-0.0,0.07
26,Mixture,harmonic,-0.3,0.26,-0.0,-0.0,0.06
34,Mixture,harmonic,-0.24,0.23,0.0,-0.0,0.06
14,Mixture,harmonic,-0.28,0.22,0.0,0.0,0.05
65,Mixture,harmonic,-0.34,0.32,0.0,-0.0,0.07
19,Mixture,harmonic,-0.31,0.29,-0.0,0.0,0.06
54,Mixture,harmonic,-0.41,0.39,-0.0,-0.0,0.08
52,Mixture,skewness,-0.02,-0.02,-0.02,-0.02,0.0
18,Mixture,harmonic,-0.27,0.26,-0.0,0.0,0.06
26,Mixture,skewness,-0.07,-0.07,-0.07,-0.07,0.0
42,Mixture,skewness,-0.12,-0.12,-0.12,-0.12,0.0
2,Mixture,harmonic,-0.34,0.34,-0.0,0.0,0.08
64,Mixture,skewness,0.11,0.11,0.11,0.11,0.0
49,Mixture,skewness,-0.2,-0.2,-0.2,-0.2,0.0
58,Mixture,harmonic,-0.3,0.31,0.0,0.0,0.06
33,Mixture,skewness,0.14,0.14,0.14,0.14,0.0
27,Mixture,harmonic,-0.35,0.4,-0.0,-0.0,0.07
46,Mixture,harmonic,-0.32,0.35,0.0,0.0,0.06
49,Mixture,harmonic,-0.3,0.28,-0.0,0.0,0.08
12,Mixture,skewness,0.06,0.06,0.06,0.06,0.0
62,Mixture,skewness,-0.3,-0.3,-0.3,-0.3,0.0
40,Mixture,harmonic,-0.29,0.32,0.0,0.0,0.06
13,Mixture,harmonic,-0.34,0.33,-0.0,0.0,0.07
61,Mixture,harmonic,-0.37,0.38,0.0,0.0,0.08
59,Mixture,skewness,-0.03,-0.03,-0.03,-0.03,0.0
30,Mixture,skewness,-0.07,-0.07,-0.07,-0.07,0.0
16,Mixture,skewness,0.08,0.08,0.08,0.08,0.0
52,Mixture,harmonic,-0.32,0.37,-0.0,0.0,0.07
17,Mixture,harmonic,-0.3,0.32,-0.0,-0.0,0.07
39,Mixture,harmonic,-0.34,0.31,0.0,-0.0,0.06
7,Mixture,skewness,0.08,0.08,0.08,0.08,0.0
60,Mixture,skewness,-0.09,-0.09,-0.09,-0.09,0.0
31,Mixture,harmonic,-0.3,0.28,0.0,-0.0,0.06
39,Mixture,skewness,-0.02,-0.02,-0.02,-0.02,0.0
31,Mixture,skewness,0.13,0.13,0.13,0.13,0.0
4,Mixture,harmonic,-0.22,0.24,-0.0,0.0,0.05
3,Mixture,skewness,0.07,0.07,0.07,0.07,0.0
32,Mixture,harmonic,-0.48,0.48,-0.0,0.0,0.1
13,Mixture,skewness,0.05,0.05,0.05,0.05,0.0
30,Mixture,harmonic,-0.41,0.43,0.0,0.0,0.07
7,Mixture,harmonic,-0.29,0.31,0.0,0.0,0.07
38,Mixture,skewness,0.08,0.08,0.08,0.08,0.0
29,Mixture,harmonic,-0.32,0.33,-0.0,-0.0,0.08
3,Mixture,harmonic,-0.33,0.34,-0.0,0.0,0.07
51,Mixture,harmonic,-0.29,0.31,-0.0,-0.0,0.07
4,Mixture,skewness,-0.12,-0.12,-0.12,-0.12,0.0
8,Mixture,harmonic,-0.35,0.37,0.0,-0.0,0.07
41,Mixture,harmonic,-0.35,0.31,-0.0,0.0,0.07
59,Mixture,harmonic,-0.32,0.29,0.0,0.0,0.07
32,Mixture,skewness,-0.01,-0.01,-0.01,-0.01,0.0
29,Mixture,skewness,0.17,0.17,0.17,0.17,0.0
40,Mixture,skewness,-0.0,-0.0,-0.0,-0.0,0.0
17,Mixture,skewness,0.02,0.02,0.02,0.02,0.0
51,Mixture,skewness,0.09,0.09,0.09,0.09,0.0
61,Mixture,skewness,0.05,0.05,0.05,0.05,0.0
53,Mixture,harmonic,-0.3,0.31,0.0,0.0,0.07
62,Mixture,harmonic,-0.28,0.26,0.0,0.0,0.06
43,Mixture,harmonic,-0.3,0.31,-0.0,0.0,0.07
5,Mixture,harmonic,-0.38,0.4,-0.0,0.0,0.08
44,Mixture,skewness,0.1,0.1,0.1,0.1,0.0
47,Mixture,harmonic,-0.34,0.3,-0.0,0.0,0.06
45,Mixture,harmonic,-0.28,0.27,0.0,0.0,0.07
20,Mixture,skewness,-0.01,-0.01,-0.01,-0.01,0.0
23,Mixture,harmonic,-0.33,0.33,-0.0,-0.0,0.07
55,Mixture,harmonic,-0.3,0.3,0.0,0.0,0.07
68,Mixture,harmonic,-0.31,0.31,-0.0,0.0,0.07
0,Mixture,skewness,-0.01,-0.01,-0.01,-0.01,0.0
56,Mixture,skewness,-0.09,-0.09,-0.09,-0.09,0.0
35,Mixture,harmonic,-0.42,0.38,0.0,-0.0,0.09
23,Mixture,skewness,0.07,0.07,0.07,0.07,0.0
57,Mixture,skewness,-0.05,-0.05,-0.05,-0.05,0.0
67,Mixture,skewness,-0.1,-0.1,-0.1,-0.1,0.0
47,Mixture,skewness,0.03,0.03,0.03,0.03,0.0
11,Mixture,harmonic,-0.3,0.34,-0.0,-0.0,0.06
9,Mixture,skewness,-0.22,-0.22,-0.22,-0.22,0.0
14,Mixture,skewness,-0.23,-0.23,-0.23,-0.23,0.0
5,Mixture,skewness,-0.04,-0.04,-0.04,-0.04,0.0
15,Mixture,harmonic,-0.32,0.29,-0.0,0.0,0.06
68,Mixture,skewness,-0.07,-0.07,-0.07,-0.07,0.0
6,Mixture,harmonic,-0.4,0.36,-0.03,-0.02,0.07
21,Mixture,skewness,-0.03,-0.03,-0.03,-0.03,0.0
69,Mixture,skewness,-0.05,-0.05,-0.05,-0.05,0.0
36,Mixture,harmonic,-0.3,0.28,-0.0,-0.0,0.07
21,Mixture,harmonic,-0.26,0.32,-0.0,0.0,0.06
10,Mixture,skewness,0.09,0.09,0.09,0.09,0.0
0,Mixture,harmonic,-0.34,0.34,-0.0,-0.0,0.07
22,Mixture,harmonic,-0.4,0.49,-0.0,0.0,0.07
69,Mixture,harmonic,-0.38,0.36,-0.0,0.0,0.07
46,Mixture,skewness,0.01,0.01,0.01,0.01,0.0
45,Mixture,skewness,-0.03,-0.03,-0.03,-0.03,0.0
10,Mixture,harmonic,-0.27,0.29,-0.0,-0.0,0.06
36,Mixture,skewness,0.09,0.09,0.09,0.09,0.0
56,Mixture,harmonic,-0.24,0.27,-0.0,0.0,0.06
22,Mixture,skewness,0.01,0.01,0.01,0.01,0.0
35,Mixture,skewness,-0.1,-0.1,-0.1,-0.1,0.0
24,Mixture,harmonic,-0.24,0.2,-0.0,0.0,0.05
60,Mixture,harmonic,-0.29,0.23,-0.0,0.0,0.06
43,Mixture,skewness,-0.05,-0.05,-0.05,-0.05,0.0
57,Mixture,harmonic,-0.28,0.25,-0.0,-0.0,0.06
11,Mixture,skewness,0.08,0.08,0.08,0.08,0.0
25,Mixture,skewness,-0.01,-0.01,-0.01,-0.01,0.0
66,Mixture,skewness,0.03,0.03,0.03,0.03,0.0
54,Mixture,skewness,0.1,0.1,0.1,0.1,0.0
24,Mixture,skewness,-0.19,-0.19,-0.19,-0.19,0.0
19,Mixture,skewness,-0.16,-0.16,-0.16,-0.16,0.0
34,Mixture,skewness,-0.01,-0.01,-0.01,-0.01,0.0
1,Mixture,skewness,-0.01,-0.01,-0.01,-0.01,0.0
48,Mixture,harmonic,-0.31,0.27,-0.0,0.0,0.05
6,Mixture,skewness,-0.11,-0.11,-0.11,-0.11,0.0
1,Mixture,harmonic,-0.33,0.27,-0.0,0.0,0.07
44,Mixture,harmonic,-0.26,0.31,0.0,-0.0,0.06
15,Mixture,skewness,-0.04,-0.04,-0.04,-0.04,0.0
20,Mixture,harmonic,-0.3,0.29,0.0,-0.0,0.06
48,Mixture,skewness,-0.04,-0.04,-0.04,-0.04,0.0
25,Mixture,harmonic,-0.4,0.41,-0.0,0.0,0.1
66,Mixture,harmonic,-0.4,0.41,0.0,0.0,0.07
9,Mixture,harmonic,-0.29,0.28,-0.0,0.0,0.07
37,Mixture,harmonic,-0.39,0.3,-0.0,-0.0,0.07
67,Mixture,harmonic,-0.28,0.26,-0.0,0.0,0.06
65,Mixture,skewness,0.08,0.08,0.08,0.08,0.0
37,Mixture,skewness,0.02,0.02,0.02,0.02,0.0
167,Music,skewness,0.15,0.15,0.15,0.15,0.0
236,Music,harmonic,-0.37,0.33,0.0,-0.0,0.08
14,Music,skewness,-0.28,-0.28,-0.28,-0.28,0.0
36,Music,skewness,-0.2,-0.2,-0.2,-0.2,0.0
171,Music,harmonic,-0.8,0.84,0.0,0.0,0.21
162,Music,skewness,-0.13,-0.13,-0.13,-0.13,0.0
237,Music,skewness,0.0,0.0,0.0,0.0,0.0
239,Music,skewness,0.03,0.03,0.03,0.03,0.0
13,Music,skewness,0.25,0.25,0.25,0.25,0.0
170,Music,skewness,-0.09,-0.09,-0.09,-0.09,0.0
163,Music,harmonic,-0.64,0.51,-0.0,0.0,0.13
163,Music,skewness,-0.4,-0.4,-0.4,-0.4,0.0
166,Music,skewness,-0.21,-0.21,-0.21,-0.21,0.0
165,Music,harmonic,-0.35,0.37,-0.0,0.0,0.07
169,Music,harmonic,-0.6,0.62,0.02,0.02,0.19
168,Music,skewness,-0.02,-0.02,-0.02,-0.02,0.0
238,Music,skewness,-0.64,-0.64,-0.64,-0.64,0.0
14,Music,harmonic,-0.79,0.84,0.09,0.1,0.34
38,Music,skewness,-0.1,-0.1,-0.1,-0.1,0.0
165,Music,skewness,-0.02,-0.02,-0.02,-0.02,0.0
164,Music,skewness,0.13,0.13,0.13,0.13,0.0
237,Music,harmonic,-0.27,0.24,0.0,-0.0,0.06
39,Music,harmonic,-0.69,0.71,0.0,-0.0,0.27
37,Music,harmonic,-0.31,0.34,-0.0,0.0,0.09
169,Music,skewness,-0.04,-0.04,-0.04,-0.04,0.0
238,Music,harmonic,-0.75,0.63,0.01,0.02,0.21
166,Music,harmonic,-0.42,0.32,0.0,0.0,0.07
164,Music,harmonic,-0.57,0.64,-0.0,-0.01,0.13
168,Music,harmonic,-0.32,0.27,-0.0,-0.0,0.09
239,Music,harmonic,-0.2,0.26,0.0,0.0,0.04
38,Music,harmonic,-0.46,0.41,0.0,0.0,0.11
37,Music,skewness,-0.02,-0.02,-0.02,-0.02,0.0
170,Music,harmonic,-0.44,0.34,-0.0,0.0,0.1
236,Music,skewness,0.1,0.1,0.1,0.1,0.0
167,Music,harmonic,-0.3,0.31,0.0,-0.0,0.07
143,Music,harmonic,-0.59,0.61,0.0,-0.0,0.15
39,Music,skewness,0.01,0.01,0.01,0.01,0.0
246,Music,skewness,0.02,0.02,0.02,0.02,0.0
147,Music,harmonic,-0.79,0.75,-0.0,0.0,0.23
147,Music,skewness,-0.06,-0.06,-0.06,-0.06,0.0
246,Music,harmonic,-0.82,0.89,0.0,-0.0,0.21
148,Music,harmonic,-0.77,0.54,-0.0,0.05,0.21
44,Music,harmonic,-0.56,0.59,0.0,0.01,0.14
148,Music,skewness,-0.68,-0.68,-0.68,-0.68,0.0
44,Music,skewness,-0.14,-0.14,-0.14,-0.14,0.0
11,Music,skewness,0.07,0.07,0.07,0.07,0.0
149,Music,harmonic,-0.71,0.79,0.0,-0.0,0.24
149,Music,skewness,0.05,0.05,0.05,0.05,0.0
43,Music,skewness,-0.4,-0.4,-0.4,-0.4,0.0
150,Music,harmonic,-0.14,0.14,0.0,0.0,0.04
245,Music,harmonic,-0.31,0.32,0.0,0.0,0.08
150,Music,skewness,-0.15,-0.15,-0.15,-0.15,0.0
151,Music,harmonic,-0.33,0.36,0.0,0.0,0.07
245,Music,skewness,-0.11,-0.11,-0.11,-0.11,0.0
43,Music,harmonic,-0.96,0.81,0.0,0.01,0.14
146,Music,skewness,-0.04,-0.04,-0.04,-0.04,0.0
247,Music,harmonic,-0.32,0.29,-0.0,0.0,0.08
10,Music,skewness,-0.06,-0.06,-0.06,-0.06,0.0
142,Music,harmonic,-0.27,0.23,0.0,0.0,0.05
46,Music,harmonic,-0.9,0.79,-0.0,0.01,0.28
248,Music,skewness,-0.09,-0.09,-0.09,-0.09,0.0
142,Music,skewness,-0.04,-0.04,-0.04,-0.04,0.0
21,Music,skewness,0.04,0.04,0.04,0.04,0.0
248,Music,harmonic,-1.02,0.97,0.0,0.01,0.32
146,Music,harmonic,-0.22,0.19,0.0,0.0,0.05
143,Music,skewness,0.02,0.02,0.02,0.02,0.0
144,Music,harmonic,-0.87,0.88,-0.0,-0.0,0.28
247,Music,skewness,-0.03,-0.03,-0.03,-0.03,0.0
144,Music,skewness,-0.03,-0.03,-0.03,-0.03,0.0
145,Music,harmonic,-0.34,0.36,0.0,-0.0,0.07
45,Music,harmonic,-0.28,0.29,-0.01,-0.01,0.07
11,Music,harmonic,-0.37,0.45,-0.0,-0.0,0.09
145,Music,skewness,0.12,0.12,0.12,0.12,0.0
45,Music,skewness,-0.0,-0.0,-0.0,-0.0,0.0
244,Music,skewness,0.22,0.22,0.22,0.22,0.0
151,Music,skewness,0.06,0.06,0.06,0.06,0.0
12,Music,harmonic,-0.44,0.46,0.0,-0.0,0.12
157,Music,skewness,0.25,0.25,0.25,0.25,0.0
241,Music,skewness,0.18,0.18,0.18,0.18,0.0
158,Music,harmonic,-0.48,0.36,0.0,0.01,0.11
158,Music,skewness,-0.6,-0.6,-0.6,-0.6,0.0
40,Music,skewness,0.05,0.05,0.05,0.05,0.0
13,Music,harmonic,-0.44,0.57,0.0,-0.01,0.15
159,Music,harmonic,-0.74,0.76,0.0,0.0,0.32
41,Music,harmonic,-0.3,0.32,-0.0,0.0,0.08
241,Music,harmonic,-0.61,0.59,-0.0,-0.01,0.16
160,Music,harmonic,-0.36,0.36,-0.0,0.0,0.09
40,Music,harmonic,-0.59,0.67,0.0,-0.0,0.19
240,Music,skewness,-0.19,-0.19,-0.19,-0.19,0.0
160,Music,skewness,-0.01,-0.01,-0.01,-0.01,0.0
161,Music,harmonic,-0.16,0.18,-0.0,0.0,0.04
240,Music,harmonic,-0.41,0.34,0.0,0.0,0.1
161,Music,skewness,0.03,0.03,0.03,0.03,0.0
159,Music,skewness,-0.01,-0.01,-0.01,-0.01,0.0
157,Music,harmonic,-0.77,0.77,0.0,-0.02,0.2
242,Music,harmonic,-0.82,0.66,-0.0,0.0,0.18
235,Music,skewness,-0.03,-0.03,-0.03,-0.03,0.0
152,Music,harmonic,-0.42,0.32,-0.0,0.01,0.1
244,Music,harmonic,-0.28,0.33,-0.0,-0.01,0.1
152,Music,skewness,-0.42,-0.42,-0.42,-0.42,0.0
42,Music,skewness,-0.05,-0.05,-0.05,-0.05,0.0
153,Music,harmonic,-0.42,0.48,0.0,0.0,0.11
243,Music,skewness,-0.07,-0.07,-0.07,-0.07,0.0
153,Music,skewness,-0.19,-0.19,-0.19,-0.19,0.0
154,Music,harmonic,-0.9,0.9,0.0,-0.0,0.22
42,Music,harmonic,-0.7,0.68,-0.0,0.0,0.17
154,Music,skewness,0.05,0.05,0.05,0.05,0.0
243,Music,harmonic,-0.52,0.47,0.0,0.0,0.1
155,Music,harmonic,-0.16,0.18,0.0,-0.0,0.04
12,Music,skewness,0.07,0.07,0.07,0.07,0.0
155,Music,skewness,0.16,0.16,0.16,0.16,0.0
41,Music,skewness,-0.08,-0.08,-0.08,-0.08,0.0
242,Music,skewness,-0.05,-0.05,-0.05,-0.05,0.0
156,Music,harmonic,-0.86,0.84,0.0,0.01,0.25
162,Music,harmonic,-0.67,0.57,-0.0,0.0,0.17
156,Music,skewness,-0.09,-0.09,-0.09,-0.09,0.0
178,Music,skewness,0.4,0.4,0.4,0.4,0.0
172,Music,harmonic,-0.51,0.48,-0.0,0.0,0.15
223,Music,harmonic,-0.74,0.63,-0.0,0.0,0.19
200,Music,harmonic,-0.52,0.63,-0.0,-0.0,0.14
200,Music,skewness,0.08,0.08,0.08,0.08,0.0
26,Music,skewness,0.03,0.03,0.03,0.03,0.0
201,Music,harmonic,-0.2,0.21,-0.0,-0.0,0.05
222,Music,skewness,-0.01,-0.01,-0.01,-0.01,0.0
201,Music,skewness,0.06,0.06,0.06,0.06,0.0
202,Music,harmonic,-0.87,0.88,-0.0,0.0,0.32
26,Music,harmonic,-0.33,0.33,-0.0,-0.0,0.08
222,Music,harmonic,-0.75,0.76,-0.0,0.0,0.4
202,Music,skewness,0.01,0.01,0.01,0.01,0.0
19,Music,skewness,-0.03,-0.03,-0.03,-0.03,0.0
203,Music,harmonic,-0.74,0.53,0.0,0.0,0.24
221,Music,skewness,-0.05,-0.05,-0.05,-0.05,0.0
203,Music,skewness,-0.22,-0.22,-0.22,-0.22,0.0
25,Music,skewness,0.0,0.0,0.0,0.0,0.0
204,Music,harmonic,-0.59,0.52,-0.0,-0.0,0.12
19,Music,harmonic,-0.9,0.84,0.0,0.0,0.27
221,Music,harmonic,-0.53,0.47,-0.0,0.0,0.13
199,Music,skewness,-0.68,-0.68,-0.68,-0.68,0.0
199,Music,harmonic,-0.43,0.31,-0.0,0.0,0.12
194,Music,skewness,0.02,0.02,0.02,0.02,0.0
28,Music,skewness,-0.07,-0.07,-0.07,-0.07,0.0
195,Music,harmonic,-0.2,0.26,0.0,-0.0,0.08
225,Music,harmonic,-0.39,0.44,0.0,0.0,0.1
195,Music,skewness,0.04,0.04,0.04,0.04,0.0
196,Music,harmonic,-0.12,0.12,-0.0,0.0,0.04
28,Music,harmonic,-0.65,0.72,0.0,0.0,0.17
18,Music,skewness,-0.1,-0.1,-0.1,-0.1,0.0
196,Music,skewness,-0.08,-0.08,-0.08,-0.08,0.0
224,Music,skewness,-0.06,-0.06,-0.06,-0.06,0.0
197,Music,harmonic,-0.33,0.34,-0.0,-0.0,0.09
197,Music,skewness,0.13,0.13,0.13,0.13,0.0
27,Music,skewness,-0.02,-0.02,-0.02,-0.02,0.0
224,Music,harmonic,-0.3,0.31,0.0,-0.0,0.05
198,Music,harmonic,-0.19,0.2,-0.0,0.0,0.04
198,Music,skewness,0.05,0.05,0.05,0.05,0.0
223,Music,skewness,-0.34,-0.34,-0.34,-0.34,0.0
27,Music,harmonic,-0.7,0.6,-0.0,-0.0,0.17
204,Music,skewness,0.04,0.04,0.04,0.04,0.0
205,Music,harmonic,-0.94,0.99,0.0,-0.0,0.34
25,Music,harmonic,-0.4,0.41,-0.0,0.0,0.12
23,Music,harmonic,-0.74,0.79,0.0,-0.01,0.26
218,Music,harmonic,-0.42,0.36,0.0,0.0,0.1
211,Music,skewness,0.05,0.05,0.05,0.05,0.0
212,Music,harmonic,-0.78,0.72,0.0,0.0,0.2
217,Music,skewness,0.06,0.06,0.06,0.06,0.0
212,Music,skewness,-0.11,-0.11,-0.11,-0.11,0.0
22,Music,skewness,-0.02,-0.02,-0.02,-0.02,0.0
213,Music,harmonic,-0.36,0.58,-0.0,-0.0,0.11
21,Music,harmonic,-0.66,0.7,0.0,0.0,0.19
217,Music,harmonic,-0.79,0.8,0.0,-0.0,0.16
213,Music,skewness,1.09,1.09,1.09,1.09,0.0
214,Music,harmonic,-0.34,0.34,0.0,-0.0,0.07
22,Music,harmonic,-0.39,0.36,-0.0,-0.0,0.1
214,Music,skewness,-0.03,-0.03,-0.03,-0.03,0.0
216,Music,skewness,-0.06,-0.06,-0.06,-0.06,0.0
215,Music,harmonic,-0.73,0.8,0.0,-0.0,0.24
215,Music,skewness,0.1,0.1,0.1,0.1,0.0
211,Music,harmonic,-0.38,0.36,-0.0,-0.0,0.1
210,Music,skewness,0.07,0.07,0.07,0.07,0.0
218,Music,skewness,-0.12,-0.12,-0.12,-0.12,0.0
210,Music,harmonic,-0.18,0.21,-0.0,-0.0,0.04
205,Music,skewness,0.06,0.06,0.06,0.06,0.0
220,Music,skewness,-0.09,-0.09,-0.09,-0.09,0.0
206,Music,harmonic,-0.42,0.38,0.0,0.0,0.1
20,Music,harmonic,-0.65,0.64,0.01,0.01,0.19
206,Music,skewness,-0.07,-0.07,-0.07,-0.07,0.0
24,Music,skewness,-0.13,-0.13,-0.13,-0.13,0.0
220,Music,harmonic,-0.34,0.34,-0.0,0.0,0.09
207,Music,harmonic,-0.8,0.75,0.0,-0.0,0.2
225,Music,skewness,0.02,0.02,0.02,0.02,0.0
207,Music,skewness,0.05,0.05,0.05,0.05,0.0
208,Music,harmonic,-0.53,0.42,-0.0,0.0,0.12
24,Music,harmonic,-0.63,0.5,0.0,0.0,0.12
208,Music,skewness,-0.11,-0.11,-0.11,-0.11,0.0
219,Music,harmonic,-0.59,0.6,0.0,-0.0,0.16
209,Music,harmonic,-0.26,0.24,-0.0,0.0,0.07
209,Music,skewness,-0.19,-0.19,-0.19,-0.19,0.0
23,Music,skewness,0.16,0.16,0.16,0.16,0.0
20,Music,skewness,0.01,0.01,0.01,0.01,0.0
219,Music,skewness,0.11,0.11,0.11,0.11,0.0
194,Music,harmonic,-0.37,0.39,-0.0,-0.0,0.1
193,Music,skewness,-0.2,-0.2,-0.2,-0.2,0.0
226,Music,harmonic,-0.39,0.35,0.0,0.0,0.09
177,Music,skewness,0.0,0.0,0.0,0.0,0.0
178,Music,harmonic,-0.52,0.45,-0.01,-0.03,0.13
34,Music,harmonic,-0.4,0.4,0.0,0.0,0.13
232,Music,skewness,-0.35,-0.35,-0.35,-0.35,0.0
179,Music,harmonic,-0.75,0.73,0.0,-0.0,0.19
16,Music,harmonic,-0.59,0.67,0.0,-0.0,0.15
179,Music,skewness,0.02,0.02,0.02,0.02,0.0
33,Music,skewness,0.05,0.05,0.05,0.05,0.0
232,Music,harmonic,-0.28,0.2,-0.0,0.01,0.08
180,Music,harmonic,-0.52,0.53,-0.0,0.0,0.09
180,Music,skewness,-0.0,-0.0,-0.0,-0.0,0.0
231,Music,skewness,-0.05,-0.05,-0.05,-0.05,0.0
181,Music,harmonic,-0.31,0.31,-0.0,-0.0,0.1
33,Music,harmonic,-0.28,0.3,-0.0,-0.0,0.08
181,Music,skewness,-0.01,-0.01,-0.01,-0.01,0.0
231,Music,harmonic,-0.4,0.39,0.0,0.0,0.07
182,Music,harmonic,-0.76,0.64,-0.0,0.03,0.22
233,Music,harmonic,-0.61,0.6,-0.0,-0.0,0.14
177,Music,harmonic,-0.52,0.43,0.0,0.0,0.12
34,Music,skewness,-0.03,-0.03,-0.03,-0.03,0.0
176,Music,skewness,0.04,0.04,0.04,0.04,0.0
36,Music,harmonic,-0.21,0.21,0.0,0.0,0.04
15,Music,harmonic,-0.58,0.53,0.0,0.0,0.12
172,Music,skewness,-0.03,-0.03,-0.03,-0.03,0.0
235,Music,harmonic,-0.5,0.39,0.0,0.0,0.09
173,Music,harmonic,-0.65,0.61,0.0,-0.0,0.19
173,Music,skewness,-0.02,-0.02,-0.02,-0.02,0.0
35,Music,skewness,0.0,0.0,0.0,0.0,0.0
234,Music,skewness,0.1,0.1,0.1,0.1,0.0
182,Music,skewness,-0.34,-0.34,-0.34,-0.34,0.0
174,Music,harmonic,-0.43,0.55,-0.0,-0.01,0.14
234,Music,harmonic,-0.53,0.55,-0.0,-0.0,0.12
175,Music,harmonic,-0.7,0.72,-0.0,-0.0,0.2
35,Music,harmonic,-0.39,0.37,-0.0,0.0,0.08
70,Music,harmonic,-0.65,0.65,-0.0,-0.0,0.18
175,Music,skewness,0.06,0.06,0.06,0.06,0.0
15,Music,skewness,-0.17,-0.17,-0.17,-0.17,0.0
176,Music,harmonic,-0.7,0.62,-0.0,-0.0,0.15
233,Music,skewness,0.09,0.09,0.09,0.09,0.0
174,Music,skewness,0.24,0.24,0.24,0.24,0.0
171,Music,skewness,-0.1,-0.1,-0.1,-0.1,0.0
32,Music,skewness,-0.03,-0.03,-0.03,-0.03,0.0
183,Music,harmonic,-0.15,0.19,0.0,-0.0,0.05
189,Music,harmonic,-0.77,0.71,0.0,-0.0,0.21
17,Music,skewness,-0.03,-0.03,-0.03,-0.03,0.0
189,Music,skewness,0.05,0.05,0.05,0.05,0.0
227,Music,skewness,0.05,0.05,0.05,0.05,0.0
190,Music,harmonic,-0.66,0.64,0.0,0.0,0.16
30,Music,harmonic,-0.61,0.53,0.0,0.01,0.15
190,Music,skewness,-0.0,-0.0,-0.0,-0.0,0.0
227,Music,harmonic,-0.43,0.42,0.0,-0.0,0.11
191,Music,harmonic,-0.41,0.44,-0.0,-0.0,0.1
191,Music,skewness,0.1,0.1,0.1,0.1,0.0
29,Music,skewness,-0.14,-0.14,-0.14,-0.14,0.0
192,Music,harmonic,-0.47,0.42,0.0,-0.0,0.1
226,Music,skewness,-0.2,-0.2,-0.2,-0.2,0.0
192,Music,skewness,0.1,0.1,0.1,0.1,0.0
18,Music,harmonic,-0.24,0.2,-0.0,0.0,0.06
193,Music,harmonic,-0.41,0.39,0.0,0.0,0.1
29,Music,harmonic,-0.87,0.87,0.01,0.01,0.25
228,Music,harmonic,-0.54,0.48,0.0,-0.0,0.13
30,Music,skewness,-0.24,-0.24,-0.24,-0.24,0.0
188,Music,skewness,0.07,0.07,0.07,0.07,0.0
188,Music,harmonic,-0.23,0.26,0.0,0.0,0.07
230,Music,skewness,-0.04,-0.04,-0.04,-0.04,0.0
183,Music,skewness,0.39,0.39,0.39,0.39,0.0
184,Music,harmonic,-0.33,0.38,0.0,-0.0,0.08
32,Music,harmonic,-0.67,0.67,-0.0,0.0,0.18
230,Music,harmonic,-0.53,0.51,0.0,-0.0,0.13
184,Music,skewness,0.02,0.02,0.02,0.02,0.0
185,Music,harmonic,-0.47,0.48,-0.0,0.0,0.12
229,Music,skewness,0.2,0.2,0.2,0.2,0.0
16,Music,skewness,0.26,0.26,0.26,0.26,0.0
185,Music,skewness,-0.11,-0.11,-0.11,-0.11,0.0
186,Music,harmonic,-0.57,0.49,0.0,-0.0,0.14
17,Music,harmonic,-0.28,0.31,-0.0,0.0,0.06
229,Music,harmonic,-0.27,0.28,0.0,-0.0,0.07
186,Music,skewness,0.05,0.05,0.05,0.05,0.0
187,Music,harmonic,-0.42,0.34,0.0,0.01,0.1
31,Music,harmonic,-0.58,0.6,0.0,0.0,0.12
187,Music,skewness,-0.07,-0.07,-0.07,-0.07,0.0
228,Music,skewness,-0.04,-0.04,-0.04,-0.04,0.0
31,Music,skewness,-0.14,-0.14,-0.14,-0.14,0.0
141,Music,skewness,-0.01,-0.01,-0.01,-0.01,0.0
216,Music,harmonic,-0.36,0.37,-0.0,-0.0,0.08
249,Music,harmonic,-0.25,0.27,0.0,-0.0,0.08
98,Music,harmonic,-0.42,0.4,-0.0,-0.0,0.11
60,Music,skewness,0.07,0.07,0.07,0.07,0.0
268,Music,harmonic,-0.82,0.85,-0.0,-0.02,0.34
98,Music,skewness,0.02,0.02,0.02,0.02,0.0
99,Music,harmonic,-0.5,0.45,0.0,0.0,0.11
267,Music,skewness,0.33,0.33,0.33,0.33,0.0
99,Music,skewness,-0.11,-0.11,-0.11,-0.11,0.0
60,Music,harmonic,-0.62,0.57,-0.0,-0.0,0.12
100,Music,harmonic,-0.54,0.5,0.0,0.0,0.14
267,Music,harmonic,-0.72,0.78,-0.0,-0.0,0.15
100,Music,skewness,-0.02,-0.02,-0.02,-0.02,0.0
101,Music,harmonic,-0.24,0.3,0.0,-0.0,0.08
59,Music,skewness,-0.09,-0.09,-0.09,-0.09,0.0
4,Music,skewness,-0.0,-0.0,-0.0,-0.0,0.0
101,Music,skewness,0.11,0.11,0.11,0.11,0.0
266,Music,skewness,-0.0,-0.0,-0.0,-0.0,0.0
102,Music,harmonic,-0.25,0.3,-0.0,-0.0,0.06
4,Music,harmonic,-0.61,0.65,-0.0,0.0,0.18
102,Music,skewness,-0.01,-0.01,-0.01,-0.01,0.0
97,Music,skewness,0.07,0.07,0.07,0.07,0.0
97,Music,harmonic,-0.5,0.56,0.0,-0.0,0.15
92,Music,skewness,0.02,0.02,0.02,0.02,0.0
270,Music,skewness,-0.68,-0.68,-0.68,-0.68,0.0
93,Music,harmonic,-0.38,0.4,-0.0,-0.0,0.1
93,Music,skewness,0.09,0.09,0.09,0.09,0.0
62,Music,harmonic,-0.54,0.56,0.0,-0.0,0.12
270,Music,harmonic,-0.27,0.22,-0.0,0.0,0.06
94,Music,harmonic,-0.4,0.4,-0.0,0.0,0.08
3,Music,skewness,-0.07,-0.07,-0.07,-0.07,0.0
94,Music,skewness,-0.02,-0.02,-0.02,-0.02,0.0
269,Music,skewness,-0.03,-0.03,-0.03,-0.03,0.0
95,Music,harmonic,-0.61,0.75,-0.0,-0.01,0.17
61,Music,skewness,0.1,0.1,0.1,0.1,0.0
95,Music,skewness,0.56,0.56,0.56,0.56,0.0
269,Music,harmonic,-0.26,0.24,-0.0,0.0,0.07
96,Music,harmonic,-0.51,0.53,0.0,0.0,0.11
96,Music,skewness,0.03,0.03,0.03,0.03,0.0
61,Music,harmonic,-0.64,0.65,0.0,0.0,0.14
268,Music,skewness,0.03,0.03,0.03,0.03,0.0
59,Music,harmonic,-0.43,0.44,-0.0,0.0,0.11
266,Music,harmonic,-0.51,0.52,-0.0,-0.0,0.15
103,Music,harmonic,-0.3,0.31,0.0,-0.0,0.07
263,Music,harmonic,-0.32,0.4,0.0,-0.0,0.08
109,Music,skewness,-0.02,-0.02,-0.02,-0.02,0.0
110,Music,harmonic,-0.37,0.36,-0.0,-0.0,0.1
56,Music,skewness,-0.01,-0.01,-0.01,-0.01,0.0
110,Music,skewness,0.06,0.06,0.06,0.06,0.0
262,Music,skewness,0.02,0.02,0.02,0.02,0.0
111,Music,harmonic,-0.39,0.39,-0.0,-0.0,0.07
6,Music,harmonic,-0.23,0.3,0.0,-0.0,0.05
111,Music,skewness,-0.04,-0.04,-0.04,-0.04,0.0
56,Music,harmonic,-0.32,0.3,-0.0,-0.0,0.08
262,Music,harmonic,-0.58,0.55,-0.0,-0.0,0.16
112,Music,harmonic,-0.78,0.78,0.0,-0.01,0.37
112,Music,skewness,0.05,0.05,0.05,0.05,0.0
261,Music,skewness,-0.01,-0.01,-0.01,-0.01,0.0
113,Music,harmonic,-0.2,0.22,-0.0,0.0,0.05
55,Music,skewness,0.04,0.04,0.04,0.04,0.0
113,Music,skewness,-0.01,-0.01,-0.01,-0.01,0.0
109,Music,harmonic,-0.42,0.34,-0.0,-0.0,0.09
57,Music,harmonic,-0.18,0.18,-0.0,-0.0,0.04
108,Music,skewness,0.17,0.17,0.17,0.17,0.0
263,Music,skewness,0.39,0.39,0.39,0.39,0.0
103,Music,skewness,0.0,0.0,0.0,0.0,0.0
265,Music,skewness,-0.04,-0.04,-0.04,-0.04,0.0
104,Music,harmonic,-0.57,0.66,-0.0,-0.01,0.21
58,Music,skewness,-0.38,-0.38,-0.38,-0.38,0.0
104,Music,skewness,0.2,0.2,0.2,0.2,0.0
5,Music,harmonic,-0.98,0.86,0.0,0.01,0.24
265,Music,harmonic,-0.34,0.31,-0.0,-0.0,0.07
105,Music,harmonic,-0.44,0.42,0.0,0.0,0.13
62,Music,skewness,0.12,0.12,0.12,0.12,0.0
58,Music,harmonic,-0.61,0.46,-0.0,0.0,0.11
264,Music,skewness,0.04,0.04,0.04,0.04,0.0
106,Music,skewness,0.02,0.02,0.02,0.02,0.0
107,Music,harmonic,-0.32,0.31,-0.0,-0.0,0.09
57,Music,skewness,0.08,0.08,0.08,0.08,0.0
264,Music,harmonic,-0.47,0.5,0.0,0.0,0.12
107,Music,skewness,0.08,0.08,0.08,0.08,0.0
5,Music,skewness,-0.07,-0.07,-0.07,-0.07,0.0
108,Music,harmonic,-0.34,0.4,0.0,0.0,0.11
106,Music,harmonic,-0.55,0.54,-0.0,-0.0,0.14
261,Music,harmonic,-0.75,0.73,-0.0,0.0,0.21
92,Music,harmonic,-0.37,0.37,0.0,-0.0,0.13
271,Music,harmonic,-0.83,0.8,-0.0,0.01,0.25
278,Music,harmonic,-0.34,0.31,-0.0,0.0,0.09
76,Music,harmonic,-0.52,0.52,-0.0,0.0,0.14
76,Music,skewness,0.05,0.05,0.05,0.05,0.0
277,Music,skewness,0.23,0.23,0.23,0.23,0.0
77,Music,harmonic,-0.39,0.39,0.0,-0.0,0.1
67,Music,skewness,0.13,0.13,0.13,0.13,0.0
77,Music,skewness,-0.09,-0.09,-0.09,-0.09,0.0
1,Music,harmonic,-0.36,0.4,0.0,0.0,0.11
277,Music,harmonic,-0.3,0.35,0.0,-0.0,0.07
78,Music,harmonic,-0.32,0.39,0.0,-0.0,0.08
78,Music,skewness,0.38,0.38,0.38,0.38,0.0
67,Music,harmonic,-0.63,0.73,-0.0,0.0,0.21
79,Music,harmonic,-0.05,0.05,0.0,-0.0,0.01
276,Music,skewness,-0.04,-0.04,-0.04,-0.04,0.0
79,Music,skewness,0.08,0.08,0.08,0.08,0.0
80,Music,harmonic,-0.0,0.0,-0.0,-0.0,0.0
66,Music,skewness,-0.08,-0.08,-0.08,-0.08,0.0
68,Music,harmonic,-0.24,0.24,0.0,0.0,0.06
276,Music,harmonic,-0.26,0.23,0.0,0.0,0.06
75,Music,skewness,-0.06,-0.06,-0.06,-0.06,0.0
278,Music,skewness,-0.33,-0.33,-0.33,-0.33,0.0
70,Music,skewness,0.01,0.01,0.01,0.01,0.0
0,Music,harmonic,-0.62,0.6,-0.0,0.0,0.14
71,Music,harmonic,-0.7,0.73,0.0,-0.0,0.23
69,Music,skewness,-0.01,-0.01,-0.01,-0.01,0.0
280,Music,harmonic,-0.5,0.44,-0.0,0.0,0.09
71,Music,skewness,0.05,0.05,0.05,0.05,0.0
72,Music,harmonic,-0.74,0.59,-0.01,0.0,0.18
279,Music,skewness,0.5,0.5,0.5,0.5,0.0
72,Music,skewness,-0.52,-0.52,-0.52,-0.52,0.0
69,Music,harmonic,-0.27,0.23,0.0,-0.0,0.07
73,Music,harmonic,-0.68,0.74,-0.0,-0.0,0.18
279,Music,harmonic,-0.31,0.37,0.01,0.01,0.07
73,Music,skewness,0.14,0.14,0.14,0.14,0.0
74,Music,harmonic,-0.49,0.45,-0.0,0.0,0.13
68,Music,skewness,-0.03,-0.03,-0.03,-0.03,0.0
0,Music,skewness,-0.0,-0.0,-0.0,-0.0,0.0
74,Music,skewness,-0.2,-0.2,-0.2,-0.2,0.0
75,Music,harmonic,-0.86,0.84,-0.0,-0.0,0.32
80,Music,skewness,-0.05,-0.05,-0.05,-0.05,0.0
1,Music,skewness,0.04,0.04,0.04,0.04,0.0
81,Music,harmonic,-0.57,0.36,-0.0,-0.0,0.12
87,Music,harmonic,-0.46,0.36,0.0,0.0,0.09
87,Music,skewness,-0.01,-0.01,-0.01,-0.01,0.0
64,Music,harmonic,-0.61,0.62,-0.0,0.0,0.13
2,Music,skewness,0.1,0.1,0.1,0.1,0.0
88,Music,harmonic,-0.89,0.95,-0.0,0.0,0.28
272,Music,skewness,0.05,0.05,0.05,0.05,0.0
88,Music,skewness,-0.07,-0.07,-0.07,-0.07,0.0
89,Music,harmonic,-0.15,0.16,-0.0,-0.0,0.03
63,Music,skewness,0.05,0.05,0.05,0.05,0.0
272,Music,harmonic,-0.49,0.49,-0.07,-0.06,0.12
89,Music,skewness,0.07,0.07,0.07,0.07,0.0
90,Music,harmonic,-0.4,0.46,-0.0,-0.0,0.1
271,Music,skewness,-0.09,-0.09,-0.09,-0.09,0.0
90,Music,skewness,0.02,0.02,0.02,0.02,0.0
63,Music,harmonic,-0.2,0.18,-0.0,-0.0,0.04
91,Music,harmonic,-0.06,0.06,0.0,0.0,0.01
3,Music,harmonic,-0.58,0.53,0.0,0.0,0.15
273,Music,harmonic,-0.17,0.16,0.0,-0.0,0.04
86,Music,skewness,-0.11,-0.11,-0.11,-0.11,0.0
64,Music,skewness,0.04,0.04,0.04,0.04,0.0
86,Music,harmonic,-0.58,0.44,-0.0,-0.0,0.11
275,Music,skewness,-0.03,-0.03,-0.03,-0.03,0.0
81,Music,skewness,-0.35,-0.35,-0.35,-0.35,0.0
66,Music,harmonic,-0.21,0.2,0.0,0.0,0.03
82,Music,harmonic,-0.37,0.37,-0.0,0.0,0.09
275,Music,harmonic,-0.49,0.64,0.0,0.0,0.1
82,Music,skewness,0.02,0.02,0.02,0.02,0.0
83,Music,harmonic,-0.44,0.58,-0.0,0.0,0.1
65,Music,skewness,-0.16,-0.16,-0.16,-0.16,0.0
91,Music,skewness,-0.05,-0.05,-0.05,-0.05,0.0
83,Music,skewness,0.16,0.16,0.16,0.16,0.0
84,Music,harmonic,-0.62,0.68,0.0,0.0,0.13
2,Music,harmonic,-0.6,0.58,0.0,-0.01,0.17
84,Music,skewness,-0.02,-0.02,-0.02,-0.02,0.0
65,Music,harmonic,-0.4,0.39,0.0,0.0,0.11
274,Music,harmonic,-0.17,0.16,-0.0,-0.0,0.05
85,Music,harmonic,-0.66,0.73,0.01,0.01,0.2
85,Music,skewness,0.03,0.03,0.03,0.03,0.0
273,Music,skewness,-0.05,-0.05,-0.05,-0.05,0.0
274,Music,skewness,0.01,0.01,0.01,0.01,0.0
114,Music,harmonic,-0.45,0.42,-0.0,0.0,0.16
105,Music,skewness,-0.01,-0.01,-0.01,-0.01,0.0
122,Music,skewness,-0.05,-0.05,-0.05,-0.05,0.0
252,Music,harmonic,-0.22,0.2,0.0,0.0,0.04
134,Music,skewness,0.07,0.07,0.07,0.07,0.0
125,Music,harmonic,-0.76,0.74,0.0,0.0,0.22
8,Music,harmonic,-0.43,0.56,-0.0,-0.0,0.12
124,Music,skewness,0.21,0.21,0.21,0.21,0.0
9,Music,skewness,-0.09,-0.09,-0.09,-0.09,0.0
135,Music,harmonic,-0.25,0.21,0.0,0.01,0.06
256,Music,skewness,0.01,0.01,0.01,0.01,0.0
124,Music,harmonic,-0.07,0.08,-0.0,-0.0,0.02
251,Music,skewness,0.06,0.06,0.06,0.06,0.0
52,Music,harmonic,-0.96,0.9,-0.0,0.0,0.3
123,Music,skewness,0.25,0.25,0.25,0.25,0.0
135,Music,skewness,-0.07,-0.07,-0.07,-0.07,0.0
51,Music,skewness,-0.08,-0.08,-0.08,-0.08,0.0
123,Music,harmonic,-0.72,0.81,0.0,-0.01,0.21
48,Music,harmonic,-0.43,0.45,0.0,0.0,0.1
253,Music,skewness,-0.23,-0.23,-0.23,-0.23,0.0
136,Music,harmonic,-0.34,0.46,-0.0,-0.0,0.08
251,Music,harmonic,-0.47,0.52,0.0,0.0,0.16
52,Music,skewness,-0.06,-0.06,-0.06,-0.06,0.0
122,Music,harmonic,-0.64,0.67,0.0,0.0,0.19
257,Music,skewness,-0.05,-0.05,-0.05,-0.05,0.0
136,Music,skewness,0.3,0.3,0.3,0.3,0.0
121,Music,skewness,-0.02,-0.02,-0.02,-0.02,0.0
7,Music,skewness,0.07,0.07,0.07,0.07,0.0
137,Music,harmonic,-0.33,0.34,0.0,0.0,0.08
121,Music,harmonic,-0.29,0.32,-0.0,0.0,0.08
258,Music,harmonic,-0.47,0.55,-0.0,0.0,0.15
257,Music,harmonic,-0.18,0.19,-0.0,0.0,0.05
256,Music,harmonic,-0.32,0.3,-0.0,-0.0,0.1
125,Music,skewness,-0.01,-0.01,-0.01,-0.01,0.0
48,Music,skewness,0.11,0.11,0.11,0.11,0.0
130,Music,skewness,0.0,0.0,0.0,0.0,0.0
49,Music,skewness,-0.07,-0.07,-0.07,-0.07,0.0
130,Music,harmonic,-0.68,0.64,0.0,0.0,0.19
254,Music,harmonic,-0.52,0.57,0.0,0.0,0.14
50,Music,harmonic,-0.79,0.77,-0.0,-0.0,0.22
129,Music,skewness,0.23,0.23,0.23,0.23,0.0
131,Music,skewness,0.01,0.01,0.01,0.01,0.0
129,Music,harmonic,-0.21,0.31,0.0,0.0,0.05
9,Music,harmonic,-0.74,0.68,0.0,0.0,0.17
253,Music,harmonic,-0.33,0.34,-0.0,0.01,0.09
132,Music,harmonic,-0.29,0.3,-0.0,-0.0,0.07
254,Music,skewness,0.07,0.07,0.07,0.07,0.0
128,Music,skewness,0.05,0.05,0.05,0.05,0.0
132,Music,skewness,0.0,0.0,0.0,0.0,0.0
8,Music,skewness,0.12,0.12,0.12,0.12,0.0
50,Music,skewness,0.01,0.01,0.01,0.01,0.0
128,Music,harmonic,-0.22,0.21,0.0,0.0,0.04
127,Music,skewness,0.0,0.0,0.0,0.0,0.0
255,Music,harmonic,-0.29,0.29,-0.0,0.0,0.06
49,Music,harmonic,-0.82,0.88,0.0,0.0,0.19
133,Music,harmonic,-0.49,0.46,-0.0,0.0,0.13
252,Music,skewness,0.04,0.04,0.04,0.04,0.0
127,Music,harmonic,-0.6,0.65,0.0,-0.0,0.21
51,Music,harmonic,-0.32,0.28,-0.0,0.0,0.07
126,Music,skewness,-0.0,-0.0,-0.0,-0.0,0.0
133,Music,skewness,-0.14,-0.14,-0.14,-0.14,0.0
255,Music,skewness,0.02,0.02,0.02,0.02,0.0
126,Music,harmonic,-0.73,0.83,-0.0,-0.0,0.19
134,Music,harmonic,-0.34,0.36,0.0,-0.0,0.1
47,Music,skewness,0.13,0.13,0.13,0.13,0.0
53,Music,harmonic,-0.55,0.66,0.0,0.0,0.13
131,Music,harmonic,-0.59,0.63,-0.0,-0.0,0.25
259,Music,skewness,0.17,0.17,0.17,0.17,0.0
138,Music,skewness,-0.02,-0.02,-0.02,-0.02,0.0
119,Music,harmonic,-0.63,0.44,-0.0,0.01,0.12
47,Music,harmonic,-0.79,0.86,-0.0,-0.0,0.28
118,Music,skewness,0.09,0.09,0.09,0.09,0.0
115,Music,skewness,-0.11,-0.11,-0.11,-0.11,0.0
259,Music,harmonic,-0.7,0.75,-0.0,-0.0,0.2
116,Music,harmonic,-0.34,0.33,-0.0,-0.0,0.05
7,Music,harmonic,-0.32,0.3,0.0,0.0,0.08
118,Music,harmonic,-0.39,0.41,0.0,-0.0,0.09
280,Music,skewness,-0.08,-0.08,-0.08,-0.08,0.0
54,Music,skewness,0.32,0.32,0.32,0.32,0.0
250,Music,harmonic,-0.62,0.66,-0.0,-0.0,0.19
54,Music,harmonic,-0.38,0.37,0.0,-0.0,0.1
117,Music,skewness,-0.11,-0.11,-0.11,-0.11,0.0
139,Music,harmonic,-0.45,0.35,0.0,0.01,0.1
260,Music,harmonic,-0.73,0.64,0.0,-0.0,0.18
120,Music,skewness,-0.11,-0.11,-0.11,-0.11,0.0
117,Music,harmonic,-0.77,0.67,-0.0,0.0,0.19
116,Music,skewness,-0.08,-0.08,-0.08,-0.08,0.0
139,Music,skewness,-0.2,-0.2,-0.2,-0.2,0.0
249,Music,skewness,-0.01,-0.01,-0.01,-0.01,0.0
10,Music,harmonic,-0.28,0.27,0.0,0.0,0.08
46,Music,skewness,-0.18,-0.18,-0.18,-0.18,0.0
140,Music,skewness,-0.02,-0.02,-0.02,-0.02,0.0
140,Music,harmonic,-0.45,0.39,-0.0,-0.0,0.1
250,Music,skewness,-0.05,-0.05,-0.05,-0.05,0.0
55,Music,harmonic,-0.59,0.43,-0.0,-0.0,0.09
258,Music,skewness,-0.05,-0.05,-0.05,-0.05,0.0
6,Music,skewness,0.18,0.18,0.18,0.18,0.0
141,Music,harmonic,-0.56,0.54,-0.0,0.0,0.18
137,Music,skewness,0.04,0.04,0.04,0.04,0.0
138,Music,harmonic,-0.38,0.4,0.0,0.0,0.12
119,Music,skewness,-0.21,-0.21,-0.21,-0.21,0.0
115,Music,harmonic,-0.67,0.61,0.01,0.01,0.17
114,Music,skewness,-0.04,-0.04,-0.04,-0.04,0.0
260,Music,skewness,-0.06,-0.06,-0.06,-0.06,0.0
53,Music,skewness,0.11,0.11,0.11,0.11,0.0
120,Music,harmonic,-0.56,0.6,-0.0,0.0,0.11
19,Speech,skewness,0.19,0.19,0.19,0.19,0.0
248,Speech,skewness,-0.16,-0.16,-0.16,-0.16,0.0
2,Speech,skewness,-0.03,-0.03,-0.03,-0.03,0.0
217,Speech,harmonic,-0.14,0.22,-0.0,-0.0,0.04
252,Speech,skewness,0.01,0.01,0.01,0.01,0.0
280,Speech,skewness,0.41,0.41,0.41,0.41,0.0
19,Speech,harmonic,-0.48,0.49,-0.0,-0.0,0.07
273,Speech,skewness,0.64,0.64,0.64,0.64,0.0
253,Speech,skewness,1.78,1.78,1.78,1.78,0.0
280,Speech,harmonic,-0.31,0.35,0.0,-0.0,0.05
2,Speech,harmonic,-0.06,0.06,0.0,-0.0,0.01
274,Speech,harmonic,-0.1,0.1,0.0,-0.0,0.02
216,Speech,skewness,-1.46,-1.46,-1.46,-1.46,0.0
244,Speech,skewness,-1.01,-1.01,-1.01,-1.01,0.0
21,Speech,skewness,0.15,0.15,0.15,0.15,0.0
245,Speech,harmonic,-0.29,0.29,0.0,-0.0,0.07
253,Speech,harmonic,-0.23,0.44,0.0,-0.0,0.04
249,Speech,skewness,0.06,0.06,0.06,0.06,0.0
223,Speech,skewness,-0.0,-0.0,-0.0,-0.0,0.0
275,Speech,harmonic,-0.17,0.15,0.0,0.0,0.04
12,Speech,harmonic,-0.15,0.22,0.0,-0.0,0.04
223,Speech,harmonic,-0.12,0.12,-0.0,0.0,0.02
10,Speech,skewness,-1.29,-1.29,-1.29,-1.29,0.0
222,Speech,skewness,0.85,0.85,0.85,0.85,0.0
274,Speech,skewness,0.08,0.08,0.08,0.08,0.0
10,Speech,harmonic,-0.13,0.08,-0.0,0.0,0.02
279,Speech,skewness,-0.4,-0.4,-0.4,-0.4,0.0
246,Speech,skewness,-0.16,-0.16,-0.16,-0.16,0.0
251,Speech,skewness,-0.21,-0.21,-0.21,-0.21,0.0
277,Speech,harmonic,-0.22,0.24,0.0,-0.0,0.04
278,Speech,skewness,-0.04,-0.04,-0.04,-0.04,0.0
220,Speech,harmonic,-0.04,0.04,0.0,0.0,0.01
218,Speech,skewness,0.42,0.42,0.42,0.42,0.0
247,Speech,skewness,1.06,1.06,1.06,1.06,0.0
11,Speech,skewness,0.06,0.06,0.06,0.06,0.0
250,Speech,skewness,0.19,0.19,0.19,0.19,0.0
277,Speech,skewness,0.44,0.44,0.44,0.44,0.0
219,Speech,skewness,0.55,0.55,0.55,0.55,0.0
278,Speech,harmonic,-0.13,0.12,-0.0,-0.0,0.03
247,Speech,harmonic,-0.3,0.39,-0.0,-0.0,0.07
219,Speech,harmonic,-0.18,0.24,0.0,-0.0,0.04
20,Speech,skewness,0.79,0.79,0.79,0.79,0.0
1,Speech,harmonic,-0.03,0.02,0.0,-0.0,0.0
251,Speech,harmonic,-0.22,0.22,-0.0,0.0,0.06
276,Speech,skewness,-0.69,-0.69,-0.69,-0.69,0.0
11,Speech,harmonic,-0.53,0.51,0.0,-0.0,0.11
220,Speech,skewness,-0.07,-0.07,-0.07,-0.07,0.0
245,Speech,skewness,-0.09,-0.09,-0.09,-0.09,0.0
217,Speech,skewness,1.09,1.09,1.09,1.09,0.0
250,Speech,harmonic,-0.22,0.23,0.0,-0.0,0.05
9,Speech,skewness,-0.08,-0.08,-0.08,-0.08,0.0
275,Speech,skewness,-0.31,-0.31,-0.31,-0.31,0.0
221,Speech,skewness,-0.68,-0.68,-0.68,-0.68,0.0
0,Speech,skewness,-0.07,-0.07,-0.07,-0.07,0.0
246,Speech,harmonic,-0.07,0.05,-0.0,0.0,0.01
279,Speech,harmonic,-0.1,0.09,-0.0,0.0,0.02
276,Speech,harmonic,-0.29,0.25,0.0,0.0,0.04
252,Speech,harmonic,-0.0,0.0,-0.0,-0.0,0.0
221,Speech,harmonic,-0.13,0.11,-0.0,0.0,0.02
21,Speech,harmonic,-0.29,0.37,0.0,0.0,0.08
218,Speech,harmonic,-0.12,0.16,0.0,-0.0,0.03
20,Speech,harmonic,-0.12,0.18,-0.0,-0.0,0.03
248,Speech,harmonic,-0.02,0.01,0.0,0.0,0.0
1,Speech,skewness,0.03,0.03,0.03,0.03,0.0
222,Speech,harmonic,-0.15,0.2,0.0,-0.0,0.03
261,Speech,harmonic,-0.11,0.1,-0.0,0.0,0.01
255,Speech,harmonic,-0.17,0.12,0.0,0.0,0.02
273,Speech,harmonic,-0.09,0.1,-0.0,-0.0,0.02
264,Speech,skewness,0.22,0.22,0.22,0.22,0.0
233,Speech,harmonic,-0.23,0.23,0.0,0.0,0.05
14,Speech,harmonic,-0.35,0.39,0.0,-0.0,0.06
16,Speech,harmonic,-0.55,0.51,-0.0,-0.0,0.11
249,Speech,harmonic,-0.17,0.16,0.0,-0.0,0.04
232,Speech,skewness,1.01,1.01,1.01,1.01,0.0
265,Speech,harmonic,-0.19,0.13,0.0,0.0,0.03
239,Speech,harmonic,-0.31,0.31,0.0,-0.0,0.08
258,Speech,skewness,0.79,0.79,0.79,0.79,0.0
265,Speech,skewness,-1.01,-1.01,-1.01,-1.01,0.0
5,Speech,skewness,-0.26,-0.26,-0.26,-0.26,0.0
7,Speech,skewness,0.14,0.14,0.14,0.14,0.0
239,Speech,skewness,0.02,0.02,0.02,0.02,0.0
5,Speech,harmonic,-0.48,0.44,-0.0,0.0,0.09
266,Speech,harmonic,-0.36,0.24,-0.0,0.0,0.06
231,Speech,skewness,-0.15,-0.15,-0.15,-0.15,0.0
16,Speech,skewness,-0.02,-0.02,-0.02,-0.02,0.0
258,Speech,harmonic,-0.12,0.13,0.0,-0.0,0.03
231,Speech,harmonic,-0.25,0.23,-0.0,0.0,0.03
266,Speech,skewness,-0.57,-0.57,-0.57,-0.57,0.0
240,Speech,harmonic,-0.12,0.17,-0.0,-0.0,0.03
230,Speech,skewness,0.41,0.41,0.41,0.41,0.0
232,Speech,harmonic,-0.25,0.38,0.0,-0.0,0.06
259,Speech,harmonic,-0.41,0.48,-0.0,-0.0,0.06
233,Speech,skewness,-0.48,-0.48,-0.48,-0.48,0.0
238,Speech,skewness,0.93,0.93,0.93,0.93,0.0
6,Speech,skewness,-1.65,-1.65,-1.65,-1.65,0.0
261,Speech,skewness,-0.42,-0.42,-0.42,-0.42,0.0
236,Speech,harmonic,-0.27,0.28,0.0,-0.0,0.04
15,Speech,harmonic,-0.24,0.15,-0.0,0.0,0.05
260,Speech,skewness,0.95,0.95,0.95,0.95,0.0
262,Speech,harmonic,-0.2,0.2,0.0,0.0,0.04
235,Speech,skewness,-0.87,-0.87,-0.87,-0.87,0.0
237,Speech,harmonic,-0.35,0.38,0.0,0.0,0.07
14,Speech,skewness,0.2,0.2,0.2,0.2,0.0
235,Speech,harmonic,-0.29,0.21,-0.0,0.0,0.06
262,Speech,skewness,-0.62,-0.62,-0.62,-0.62,0.0
237,Speech,skewness,0.15,0.15,0.15,0.15,0.0
6,Speech,harmonic,-0.77,0.4,-0.06,-0.06,0.1
260,Speech,harmonic,-0.13,0.18,-0.0,-0.0,0.04
7,Speech,harmonic,-0.23,0.24,0.0,0.0,0.04
234,Speech,skewness,-0.04,-0.04,-0.04,-0.04,0.0
15,Speech,skewness,-0.75,-0.75,-0.75,-0.75,0.0
263,Speech,harmonic,-0.07,0.07,0.0,-0.0,0.01
238,Speech,harmonic,-0.09,0.14,-0.0,-0.0,0.02
263,Speech,skewness,0.2,0.2,0.2,0.2,0.0
234,Speech,harmonic,-0.28,0.26,0.0,0.0,0.04
259,Speech,skewness,0.63,0.63,0.63,0.63,0.0
264,Speech,harmonic,-0.13,0.12,-0.0,-0.0,0.02
257,Speech,skewness,0.32,0.32,0.32,0.32,0.0
267,Speech,harmonic,-0.26,0.26,-0.0,-0.0,0.04
13,Speech,skewness,-0.07,-0.07,-0.07,-0.07,0.0
4,Speech,skewness,-0.2,-0.2,-0.2,-0.2,0.0
242,Speech,skewness,0.2,0.2,0.2,0.2,0.0
18,Speech,harmonic,-0.09,0.1,-0.0,0.0,0.02
270,Speech,skewness,-0.75,-0.75,-0.75,-0.75,0.0
8,Speech,skewness,0.29,0.29,0.29,0.29,0.0
226,Speech,skewness,1.44,1.44,1.44,1.44,0.0
236,Speech,skewness,0.03,0.03,0.03,0.03,0.0
271,Speech,harmonic,-0.13,0.19,-0.0,-0.0,0.02
226,Speech,harmonic,-0.07,0.14,0.0,-0.0,0.02
243,Speech,harmonic,-0.31,0.28,0.0,0.0,0.06
271,Speech,skewness,0.35,0.35,0.35,0.35,0.0
12,Speech,skewness,0.94,0.94,0.94,0.94,0.0
254,Speech,skewness,0.46,0.46,0.46,0.46,0.0
225,Speech,skewness,-0.27,-0.27,-0.27,-0.27,0.0
3,Speech,harmonic,-0.18,0.16,0.0,-0.0,0.02
18,Speech,skewness,-0.27,-0.27,-0.27,-0.27,0.0
272,Speech,harmonic,-0.3,0.35,0.0,0.0,0.07
243,Speech,skewness,-0.49,-0.49,-0.49,-0.49,0.0
225,Speech,harmonic,-0.41,0.34,-0.0,0.0,0.1
272,Speech,skewness,-0.1,-0.1,-0.1,-0.1,0.0
224,Speech,skewness,0.82,0.82,0.82,0.82,0.0
254,Speech,harmonic,-0.28,0.3,0.0,-0.0,0.05
244,Speech,harmonic,-0.56,0.41,-0.0,0.0,0.08
9,Speech,harmonic,-0.13,0.13,-0.0,0.0,0.03
3,Speech,skewness,0.07,0.07,0.07,0.07,0.0
224,Speech,harmonic,-0.25,0.33,0.0,-0.0,0.07
227,Speech,harmonic,-0.12,0.14,-0.0,-0.0,0.03
270,Speech,harmonic,-0.09,0.07,-0.0,-0.0,0.01
240,Speech,skewness,0.59,0.59,0.59,0.59,0.0
267,Speech,skewness,0.02,0.02,0.02,0.02,0.0
230,Speech,harmonic,-0.21,0.28,-0.0,-0.0,0.04
17,Speech,harmonic,-0.22,0.33,0.0,-0.0,0.06
257,Speech,harmonic,-0.08,0.08,0.0,-0.0,0.01
268,Speech,harmonic,-0.14,0.18,-0.0,-0.0,0.03
229,Speech,skewness,0.2,0.2,0.2,0.2,0.0
8,Speech,harmonic,-0.09,0.11,0.0,-0.0,0.02
241,Speech,harmonic,-0.23,0.35,0.0,0.0,0.04
229,Speech,harmonic,-0.43,0.39,0.0,-0.0,0.11
256,Speech,skewness,0.44,0.44,0.44,0.44,0.0
268,Speech,skewness,0.95,0.95,0.95,0.95,0.0
4,Speech,harmonic,-0.36,0.35,-0.0,0.0,0.04
228,Speech,skewness,0.06,0.06,0.06,0.06,0.0
241,Speech,skewness,0.8,0.8,0.8,0.8,0.0
17,Speech,skewness,0.69,0.69,0.69,0.69,0.0
269,Speech,harmonic,-0.14,0.2,-0.0,-0.0,0.03
228,Speech,harmonic,-0.41,0.47,0.0,-0.0,0.07
269,Speech,skewness,0.58,0.58,0.58,0.58,0.0
13,Speech,harmonic,-0.38,0.42,0.0,0.0,0.08
256,Speech,harmonic,-0.13,0.17,0.0,-0.0,0.03
242,Speech,harmonic,-0.12,0.13,-0.0,-0.0,0.02
227,Speech,skewness,0.51,0.51,0.51,0.51,0.0
255,Speech,skewness,-1.02,-1.02,-1.02,-1.02,0.0
70,Speech,harmonic,-0.26,0.37,0.0,-0.0,0.05
175,Speech,skewness,-0.1,-0.1,-0.1,-0.1,0.0
215,Speech,skewness,0.71,0.71,0.71,0.71,0.0
116,Speech,harmonic,-0.19,0.19,0.0,-0.0,0.03
116,Speech,skewness,0.18,0.18,0.18,0.18,0.0
54,Speech,skewness,0.16,0.16,0.16,0.16,0.0
117,Speech,harmonic,-0.15,0.15,0.0,-0.0,0.02
117,Speech,skewness,-0.01,-0.01,-0.01,-0.01,0.0
118,Speech,harmonic,-0.2,0.29,-0.0,-0.0,0.03
54,Speech,harmonic,-0.63,0.61,-0.0,-0.0,0.13
118,Speech,skewness,1.17,1.17,1.17,1.17,0.0
119,Speech,harmonic,-0.48,0.55,0.0,-0.0,0.09
115,Speech,skewness,0.87,0.87,0.87,0.87,0.0
119,Speech,skewness,0.58,0.58,0.58,0.58,0.0
120,Speech,harmonic,-0.09,0.13,-0.0,-0.0,0.02
120,Speech,skewness,1.0,1.0,1.0,1.0,0.0
121,Speech,harmonic,-0.36,0.34,0.0,0.0,0.06
53,Speech,harmonic,-0.33,0.24,-0.0,0.0,0.05
121,Speech,skewness,-0.66,-0.66,-0.66,-0.66,0.0
122,Speech,harmonic,-0.37,0.39,-0.0,0.0,0.05
122,Speech,skewness,-0.16,-0.16,-0.16,-0.16,0.0
52,Speech,skewness,-0.74,-0.74,-0.74,-0.74,0.0
123,Speech,harmonic,-0.66,0.75,0.0,0.0,0.13
53,Speech,skewness,-0.71,-0.71,-0.71,-0.71,0.0
123,Speech,skewness,0.18,0.18,0.18,0.18,0.0
55,Speech,harmonic,-0.29,0.15,0.0,0.0,0.05
114,Speech,skewness,0.69,0.69,0.69,0.69,0.0
107,Speech,harmonic,-0.09,0.14,0.0,-0.0,0.02
107,Speech,skewness,1.05,1.05,1.05,1.05,0.0
57,Speech,skewness,0.27,0.27,0.27,0.27,0.0
108,Speech,harmonic,-0.34,0.37,0.0,0.0,0.05
108,Speech,skewness,0.01,0.01,0.01,0.01,0.0
109,Speech,harmonic,-0.13,0.1,-0.0,0.0,0.02
57,Speech,harmonic,-0.24,0.25,-0.0,-0.0,0.05
109,Speech,skewness,-1.17,-1.17,-1.17,-1.17,0.0
110,Speech,harmonic,-0.19,0.19,0.0,0.0,0.03
115,Speech,harmonic,-0.11,0.18,-0.0,-0.0,0.03
110,Speech,skewness,0.04,0.04,0.04,0.04,0.0
111,Speech,harmonic,-0.45,0.56,0.0,0.0,0.07
111,Speech,skewness,0.13,0.13,0.13,0.13,0.0
112,Speech,harmonic,-0.11,0.15,0.0,-0.0,0.03
56,Speech,harmonic,-0.17,0.16,0.0,0.0,0.03
112,Speech,skewness,0.86,0.86,0.86,0.86,0.0
113,Speech,harmonic,-0.23,0.16,-0.0,0.0,0.03
113,Speech,skewness,-0.99,-0.99,-0.99,-0.99,0.0
55,Speech,skewness,-2.12,-2.12,-2.12,-2.12,0.0
114,Speech,harmonic,-0.16,0.23,0.0,-0.0,0.05
56,Speech,skewness,-0.03,-0.03,-0.03,-0.03,0.0
124,Speech,harmonic,-0.15,0.14,0.0,-0.0,0.02
52,Speech,harmonic,-0.21,0.16,-0.0,0.0,0.04
124,Speech,skewness,0.1,0.1,0.1,0.1,0.0
134,Speech,skewness,0.69,0.69,0.69,0.69,0.0
48,Speech,skewness,-0.96,-0.96,-0.96,-0.96,0.0
135,Speech,harmonic,-0.21,0.17,0.0,0.0,0.03
135,Speech,skewness,-0.02,-0.02,-0.02,-0.02,0.0
136,Speech,harmonic,-0.05,0.1,0.0,-0.0,0.01
48,Speech,harmonic,-0.37,0.28,-0.0,0.0,0.04
136,Speech,skewness,3.11,3.11,3.11,3.11,0.0
137,Speech,harmonic,-0.52,0.35,0.0,0.0,0.14
137,Speech,skewness,-0.58,-0.58,-0.58,-0.58,0.0
134,Speech,harmonic,-0.08,0.11,-0.0,-0.0,0.02
47,Speech,skewness,0.06,0.06,0.06,0.06,0.0
138,Speech,skewness,-0.03,-0.03,-0.03,-0.03,0.0
139,Speech,harmonic,-0.12,0.11,-0.0,0.0,0.03
47,Speech,harmonic,-0.45,0.63,-0.0,0.0,0.14
139,Speech,skewness,-0.79,-0.79,-0.79,-0.79,0.0
140,Speech,harmonic,-0.33,0.26,-0.0,0.0,0.06
140,Speech,skewness,-0.29,-0.29,-0.29,-0.29,0.0
141,Speech,harmonic,-0.22,0.23,0.0,-0.0,0.04
46,Speech,skewness,0.41,0.41,0.41,0.41,0.0
141,Speech,skewness,0.09,0.09,0.09,0.09,0.0
138,Speech,harmonic,-0.01,0.01,-0.0,-0.0,0.0
133,Speech,skewness,-0.19,-0.19,-0.19,-0.19,0.0
49,Speech,harmonic,-0.16,0.15,-0.0,0.0,0.02
133,Speech,harmonic,-0.38,0.38,0.0,-0.0,0.05
125,Speech,harmonic,-0.13,0.15,-0.0,0.0,0.03
125,Speech,skewness,-0.02,-0.02,-0.02,-0.02,0.0
51,Speech,skewness,0.88,0.88,0.88,0.88,0.0
126,Speech,harmonic,-0.14,0.14,0.0,-0.0,0.02
126,Speech,skewness,0.21,0.21,0.21,0.21,0.0
127,Speech,harmonic,-0.53,0.48,0.0,0.0,0.11
51,Speech,harmonic,-0.13,0.17,-0.0,-0.0,0.03
127,Speech,skewness,-0.36,-0.36,-0.36,-0.36,0.0
128,Speech,harmonic,-0.32,0.42,-0.0,-0.0,0.05
128,Speech,skewness,0.79,0.79,0.79,0.79,0.0
50,Speech,skewness,-0.86,-0.86,-0.86,-0.86,0.0
129,Speech,harmonic,-0.21,0.16,-0.0,0.0,0.04
129,Speech,skewness,-0.25,-0.25,-0.25,-0.25,0.0
130,Speech,harmonic,-0.19,0.19,0.0,0.0,0.02
50,Speech,harmonic,-0.13,0.12,-0.0,0.0,0.02
130,Speech,skewness,-0.04,-0.04,-0.04,-0.04,0.0
131,Speech,harmonic,-0.21,0.13,-0.0,0.0,0.03
131,Speech,skewness,-1.31,-1.31,-1.31,-1.31,0.0
49,Speech,skewness,-0.61,-0.61,-0.61,-0.61,0.0
132,Speech,harmonic,-0.79,0.68,0.0,0.0,0.13
132,Speech,skewness,0.12,0.12,0.12,0.12,0.0
106,Speech,skewness,-2.22,-2.22,-2.22,-2.22,0.0
142,Speech,harmonic,-0.7,0.65,0.0,0.0,0.17
58,Speech,harmonic,-0.3,0.32,-0.0,-0.0,0.06
105,Speech,skewness,-0.76,-0.76,-0.76,-0.76,0.0
79,Speech,skewness,-0.9,-0.9,-0.9,-0.9,0.0
80,Speech,harmonic,-0.33,0.26,-0.0,-0.0,0.07
80,Speech,skewness,-0.26,-0.26,-0.26,-0.26,0.0
66,Speech,skewness,-0.19,-0.19,-0.19,-0.19,0.0
81,Speech,harmonic,-0.17,0.12,-0.0,-0.0,0.02
81,Speech,skewness,-0.96,-0.96,-0.96,-0.96,0.0
82,Speech,harmonic,-0.32,0.26,-0.0,0.0,0.04
66,Speech,harmonic,-0.2,0.18,0.0,0.0,0.03
82,Speech,skewness,-0.96,-0.96,-0.96,-0.96,0.0
67,Speech,harmonic,-0.23,0.27,-0.0,0.0,0.04
83,Speech,harmonic,-0.25,0.25,0.0,0.0,0.04
65,Speech,skewness,0.01,0.01,0.01,0.01,0.0
84,Speech,harmonic,-0.33,0.34,-0.0,-0.0,0.07
84,Speech,skewness,0.07,0.07,0.07,0.07,0.0
85,Speech,harmonic,-0.39,0.42,0.0,-0.0,0.08
65,Speech,harmonic,-0.29,0.29,-0.0,-0.0,0.07
85,Speech,skewness,0.16,0.16,0.16,0.16,0.0
86,Speech,harmonic,-0.23,0.22,0.0,-0.0,0.03
86,Speech,skewness,-0.09,-0.09,-0.09,-0.09,0.0
64,Speech,skewness,0.2,0.2,0.2,0.2,0.0
83,Speech,skewness,-0.03,-0.03,-0.03,-0.03,0.0
87,Speech,harmonic,-0.28,0.31,0.0,-0.0,0.05
79,Speech,harmonic,-0.58,0.29,0.0,0.01,0.13
78,Speech,harmonic,-0.24,0.21,0.0,-0.0,0.06
70,Speech,skewness,1.0,1.0,1.0,1.0,0.0
71,Speech,harmonic,-0.27,0.4,0.0,-0.0,0.04
71,Speech,skewness,1.09,1.09,1.09,1.09,0.0
69,Speech,skewness,1.05,1.05,1.05,1.05,0.0
72,Speech,harmonic,-0.73,0.75,0.0,0.0,0.19
72,Speech,skewness,-0.23,-0.23,-0.23,-0.23,0.0
73,Speech,harmonic,-0.21,0.21,-0.0,0.0,0.04
69,Speech,harmonic,-0.12,0.16,0.0,-0.0,0.02
73,Speech,skewness,-0.12,-0.12,-0.12,-0.12,0.0
78,Speech,skewness,0.15,0.15,0.15,0.15,0.0
74,Speech,harmonic,-0.48,0.52,0.0,-0.0,0.06
68,Speech,skewness,1.94,1.94,1.94,1.94,0.0
75,Speech,harmonic,-0.23,0.14,0.0,0.0,0.03
75,Speech,skewness,-0.4,-0.4,-0.4,-0.4,0.0
76,Speech,harmonic,-0.29,0.22,0.0,0.0,0.04
68,Speech,harmonic,-0.12,0.21,-0.0,-0.0,0.02
76,Speech,skewness,-0.94,-0.94,-0.94,-0.94,0.0
77,Speech,harmonic,-0.46,0.44,-0.0,-0.0,0.08
77,Speech,skewness,0.0,0.0,0.0,0.0,0.0
67,Speech,skewness,-0.06,-0.06,-0.06,-0.06,0.0
74,Speech,skewness,0.93,0.93,0.93,0.93,0.0
87,Speech,skewness,0.24,0.24,0.24,0.24,0.0
88,Speech,harmonic,-0.05,0.08,0.0,-0.0,0.01
64,Speech,harmonic,-0.19,0.19,0.0,-0.0,0.03
98,Speech,harmonic,-0.17,0.35,-0.0,-0.0,0.04
98,Speech,skewness,1.48,1.48,1.48,1.48,0.0
60,Speech,skewness,-0.37,-0.37,-0.37,-0.37,0.0
99,Speech,harmonic,-0.38,0.44,-0.0,-0.0,0.1
99,Speech,skewness,0.47,0.47,0.47,0.47,0.0
100,Speech,harmonic,-0.37,0.42,-0.0,-0.0,0.06
60,Speech,harmonic,-0.15,0.11,-0.0,0.0,0.02
100,Speech,skewness,0.96,0.96,0.96,0.96,0.0
101,Speech,harmonic,-0.37,0.33,0.0,0.0,0.05
97,Speech,skewness,0.81,0.81,0.81,0.81,0.0
101,Speech,skewness,-0.01,-0.01,-0.01,-0.01,0.0
102,Speech,harmonic,-0.11,0.12,0.0,-0.0,0.02
102,Speech,skewness,0.15,0.15,0.15,0.15,0.0
103,Speech,harmonic,-0.47,0.47,-0.0,-0.0,0.08
59,Speech,harmonic,-0.33,0.3,-0.0,0.0,0.05
103,Speech,skewness,0.39,0.39,0.39,0.39,0.0
104,Speech,harmonic,-0.26,0.25,-0.0,0.0,0.07
104,Speech,skewness,-0.09,-0.09,-0.09,-0.09,0.0
58,Speech,skewness,0.25,0.25,0.25,0.25,0.0
105,Speech,harmonic,-0.38,0.22,-0.0,0.0,0.08
59,Speech,skewness,-0.46,-0.46,-0.46,-0.46,0.0
61,Speech,harmonic,-0.38,0.64,0.0,-0.0,0.14
97,Speech,harmonic,-0.33,0.44,-0.0,-0.0,0.06
96,Speech,skewness,0.88,0.88,0.88,0.88,0.0
88,Speech,skewness,1.05,1.05,1.05,1.05,0.0
89,Speech,harmonic,-0.11,0.12,0.0,0.0,0.02
89,Speech,skewness,-0.52,-0.52,-0.52,-0.52,0.0
63,Speech,skewness,1.23,1.23,1.23,1.23,0.0
90,Speech,harmonic,-0.23,0.21,0.0,-0.0,0.03
90,Speech,skewness,0.34,0.34,0.34,0.34,0.0
91,Speech,harmonic,-0.21,0.32,-0.0,-0.0,0.04
63,Speech,harmonic,-0.22,0.31,0.0,-0.0,0.05
91,Speech,skewness,0.91,0.91,0.91,0.91,0.0
92,Speech,harmonic,-0.6,0.51,0.0,0.0,0.1
92,Speech,skewness,-0.58,-0.58,-0.58,-0.58,0.0
62,Speech,skewness,-0.08,-0.08,-0.08,-0.08,0.0
93,Speech,harmonic,-0.46,0.46,-0.0,0.0,0.06
93,Speech,skewness,-0.1,-0.1,-0.1,-0.1,0.0
94,Speech,harmonic,-0.22,0.19,-0.0,0.0,0.04
62,Speech,harmonic,-0.42,0.42,0.0,-0.0,0.05
94,Speech,skewness,-0.48,-0.48,-0.48,-0.48,0.0
95,Speech,harmonic,-0.05,0.06,-0.0,-0.0,0.01
95,Speech,skewness,-0.03,-0.03,-0.03,-0.03,0.0
61,Speech,skewness,0.97,0.97,0.97,0.97,0.0
96,Speech,harmonic,-0.17,0.24,0.0,-0.0,0.05
106,Speech,harmonic,-0.33,0.15,-0.0,0.0,0.03
142,Speech,skewness,-0.14,-0.14,-0.14,-0.14,0.0
46,Speech,harmonic,-0.23,0.3,0.0,-0.0,0.05
143,Speech,harmonic,-0.22,0.27,0.0,-0.0,0.05
189,Speech,skewness,1.26,1.26,1.26,1.26,0.0
190,Speech,harmonic,-0.32,0.29,0.0,0.0,0.08
190,Speech,skewness,0.04,0.04,0.04,0.04,0.0
30,Speech,harmonic,-0.2,0.19,-0.0,0.0,0.03
191,Speech,harmonic,-0.09,0.09,0.0,0.0,0.01
191,Speech,skewness,0.05,0.05,0.05,0.05,0.0
192,Speech,harmonic,-0.21,0.18,0.0,0.0,0.04
29,Speech,skewness,0.21,0.21,0.21,0.21,0.0
192,Speech,skewness,-0.47,-0.47,-0.47,-0.47,0.0
30,Speech,skewness,-0.67,-0.67,-0.67,-0.67,0.0
193,Speech,harmonic,-0.12,0.13,0.0,0.0,0.02
29,Speech,harmonic,-0.42,0.41,0.0,-0.0,0.08
194,Speech,harmonic,-0.18,0.2,-0.0,0.0,0.03
194,Speech,skewness,-0.1,-0.1,-0.1,-0.1,0.0
195,Speech,harmonic,-0.11,0.22,-0.0,-0.0,0.04
28,Speech,skewness,-0.23,-0.23,-0.23,-0.23,0.0
195,Speech,skewness,1.64,1.64,1.64,1.64,0.0
196,Speech,harmonic,-0.28,0.39,0.0,-0.0,0.08
196,Speech,skewness,0.9,0.9,0.9,0.9,0.0
28,Speech,harmonic,-0.32,0.38,-0.0,0.0,0.06
193,Speech,skewness,-0.02,-0.02,-0.02,-0.02,0.0
197,Speech,harmonic,-0.83,0.74,0.0,0.0,0.23
189,Speech,harmonic,-0.11,0.21,-0.0,-0.0,0.04
188,Speech,harmonic,-0.14,0.12,0.0,0.0,0.02
180,Speech,skewness,0.43,0.43,0.43,0.43,0.0
181,Speech,harmonic,-0.24,0.22,-0.0,-0.0,0.03
181,Speech,skewness,-0.1,-0.1,-0.1,-0.1,0.0
33,Speech,harmonic,-0.61,0.64,-0.0,0.0,0.14
182,Speech,harmonic,-0.15,0.15,0.0,-0.0,0.02
182,Speech,skewness,0.12,0.12,0.12,0.12,0.0
183,Speech,harmonic,-0.42,0.46,0.0,-0.0,0.09
32,Speech,skewness,-0.29,-0.29,-0.29,-0.29,0.0
183,Speech,skewness,0.58,0.58,0.58,0.58,0.0
188,Speech,skewness,-0.16,-0.16,-0.16,-0.16,0.0
184,Speech,harmonic,-0.24,0.4,-0.0,-0.0,0.07
32,Speech,harmonic,-0.58,0.47,-0.0,0.0,0.11
185,Speech,harmonic,-0.24,0.22,-0.0,0.0,0.03
185,Speech,skewness,-0.14,-0.14,-0.14,-0.14,0.0
186,Speech,harmonic,-0.4,0.35,-0.0,0.0,0.09
31,Speech,skewness,0.15,0.15,0.15,0.15,0.0
186,Speech,skewness,-0.32,-0.32,-0.32,-0.32,0.0
187,Speech,harmonic,-0.29,0.24,0.0,0.0,0.04
187,Speech,skewness,-0.31,-0.31,-0.31,-0.31,0.0
31,Speech,harmonic,-0.06,0.07,-0.0,-0.0,0.01
184,Speech,skewness,1.46,1.46,1.46,1.46,0.0
197,Speech,skewness,-0.54,-0.54,-0.54,-0.54,0.0
198,Speech,harmonic,-0.18,0.19,0.0,-0.0,0.03
27,Speech,skewness,-0.14,-0.14,-0.14,-0.14,0.0
208,Speech,harmonic,-0.11,0.16,-0.0,-0.0,0.03
208,Speech,skewness,0.14,0.14,0.14,0.14,0.0
24,Speech,harmonic,-0.09,0.15,-0.0,-0.0,0.02
209,Speech,harmonic,-0.27,0.3,-0.0,-0.0,0.07
209,Speech,skewness,0.0,0.0,0.0,0.0,0.0
210,Speech,harmonic,-0.2,0.27,0.0,-0.0,0.05
23,Speech,skewness,0.0,0.0,0.0,0.0,0.0
210,Speech,skewness,0.6,0.6,0.6,0.6,0.0
211,Speech,harmonic,-0.09,0.08,0.0,-0.0,0.01
207,Speech,skewness,-0.74,-0.74,-0.74,-0.74,0.0
211,Speech,skewness,-0.29,-0.29,-0.29,-0.29,0.0
212,Speech,harmonic,-0.26,0.22,0.0,0.0,0.05
212,Speech,skewness,-0.53,-0.53,-0.53,-0.53,0.0
213,Speech,harmonic,-0.28,0.32,-0.0,-0.0,0.04
22,Speech,skewness,0.05,0.05,0.05,0.05,0.0
213,Speech,skewness,0.24,0.24,0.24,0.24,0.0
214,Speech,harmonic,-0.54,0.59,-0.0,-0.0,0.14
214,Speech,skewness,0.1,0.1,0.1,0.1,0.0
22,Speech,harmonic,-0.69,0.71,0.0,0.0,0.12
215,Speech,harmonic,-0.19,0.24,-0.0,-0.0,0.05
23,Speech,harmonic,-0.22,0.23,0.0,0.0,0.04
24,Speech,skewness,1.04,1.04,1.04,1.04,0.0
207,Speech,harmonic,-0.5,0.33,-0.0,0.01,0.15
206,Speech,skewness,-1.02,-1.02,-1.02,-1.02,0.0
198,Speech,skewness,0.58,0.58,0.58,0.58,0.0
199,Speech,harmonic,-0.21,0.13,0.0,0.0,0.04
199,Speech,skewness,-1.15,-1.15,-1.15,-1.15,0.0
27,Speech,harmonic,-0.05,0.05,-0.0,-0.0,0.01
200,Speech,harmonic,-0.3,0.27,-0.0,0.0,0.07
200,Speech,skewness,-0.56,-0.56,-0.56,-0.56,0.0
201,Speech,harmonic,-0.3,0.4,0.0,-0.0,0.06
26,Speech,skewness,0.43,0.43,0.43,0.43,0.0
201,Speech,skewness,0.54,0.54,0.54,0.54,0.0
202,Speech,harmonic,-0.41,0.48,-0.0,-0.0,0.08
202,Speech,skewness,0.11,0.11,0.11,0.11,0.0
26,Speech,harmonic,-0.25,0.26,0.0,-0.0,0.06
203,Speech,harmonic,-0.56,0.27,-0.06,-0.06,0.1
203,Speech,skewness,-1.03,-1.03,-1.03,-1.03,0.0
204,Speech,harmonic,-0.24,0.25,-0.0,0.0,0.03
25,Speech,skewness,-0.23,-0.23,-0.23,-0.23,0.0
204,Speech,skewness,-0.45,-0.45,-0.45,-0.45,0.0
205,Speech,harmonic,-0.25,0.25,0.0,-0.0,0.06
205,Speech,skewness,0.29,0.29,0.29,0.29,0.0
25,Speech,harmonic,-0.51,0.41,-0.0,0.0,0.09
206,Speech,harmonic,-0.17,0.13,-0.0,0.0,0.02
33,Speech,skewness,-0.02,-0.02,-0.02,-0.02,0.0
180,Speech,harmonic,-0.24,0.28,0.0,-0.0,0.04
179,Speech,skewness,0.19,0.19,0.19,0.19,0.0
179,Speech,harmonic,-0.61,0.62,-0.0,-0.0,0.14
153,Speech,harmonic,-0.16,0.17,0.0,-0.0,0.03
42,Speech,skewness,-0.95,-0.95,-0.95,-0.95,0.0
153,Speech,skewness,0.19,0.19,0.19,0.19,0.0
154,Speech,harmonic,-0.22,0.22,0.0,-0.0,0.03
154,Speech,skewness,0.26,0.26,0.26,0.26,0.0
42,Speech,harmonic,-0.45,0.17,-0.06,-0.05,0.07
155,Speech,harmonic,-0.2,0.19,0.0,0.0,0.04
155,Speech,skewness,0.15,0.15,0.15,0.15,0.0
156,Speech,harmonic,-0.12,0.19,0.0,-0.0,0.04
152,Speech,skewness,-0.13,-0.13,-0.13,-0.13,0.0
41,Speech,skewness,0.33,0.33,0.33,0.33,0.0
157,Speech,harmonic,-0.69,0.52,0.0,0.0,0.08
157,Speech,skewness,-0.17,-0.17,-0.17,-0.17,0.0
41,Speech,harmonic,-0.27,0.3,-0.0,-0.0,0.03
158,Speech,harmonic,-0.28,0.28,0.0,-0.0,0.05
158,Speech,skewness,0.37,0.37,0.37,0.37,0.0
159,Speech,harmonic,-0.18,0.21,-0.0,-0.0,0.03
40,Speech,skewness,0.87,0.87,0.87,0.87,0.0
159,Speech,skewness,0.63,0.63,0.63,0.63,0.0
160,Speech,harmonic,-0.14,0.11,0.0,0.0,0.02
156,Speech,skewness,0.98,0.98,0.98,0.98,0.0
152,Speech,harmonic,-0.05,0.06,-0.0,0.0,0.01
43,Speech,harmonic,-0.43,0.43,-0.0,-0.0,0.08
151,Speech,skewness,0.41,0.41,0.41,0.41,0.0
143,Speech,skewness,0.77,0.77,0.77,0.77,0.0
144,Speech,harmonic,-0.07,0.07,-0.0,-0.0,0.01
45,Speech,skewness,0.47,0.47,0.47,0.47,0.0
144,Speech,skewness,0.42,0.42,0.42,0.42,0.0
145,Speech,harmonic,-0.22,0.29,0.0,-0.0,0.05
145,Speech,skewness,1.01,1.01,1.01,1.01,0.0
45,Speech,harmonic,-0.15,0.25,0.0,-0.0,0.03
146,Speech,harmonic,-0.18,0.15,0.0,-0.0,0.04
146,Speech,skewness,-0.17,-0.17,-0.17,-0.17,0.0
147,Speech,harmonic,-0.25,0.16,0.0,0.0,0.04
44,Speech,skewness,0.36,0.36,0.36,0.36,0.0
147,Speech,skewness,-1.44,-1.44,-1.44,-1.44,0.0
148,Speech,harmonic,-0.14,0.13,-0.0,-0.0,0.03
148,Speech,skewness,-0.0,-0.0,-0.0,-0.0,0.0
44,Speech,harmonic,-0.3,0.37,0.0,-0.0,0.07
149,Speech,harmonic,-0.11,0.1,-0.0,0.0,0.01
149,Speech,skewness,-0.15,-0.15,-0.15,-0.15,0.0
150,Speech,harmonic,-0.1,0.11,0.0,-0.0,0.02
43,Speech,skewness,0.08,0.08,0.08,0.08,0.0
150,Speech,skewness,0.26,0.26,0.26,0.26,0.0
151,Speech,harmonic,-0.18,0.2,-0.0,-0.0,0.03
160,Speech,skewness,-0.78,-0.78,-0.78,-0.78,0.0
216,Speech,harmonic,-0.29,0.2,0.0,0.0,0.04
40,Speech,harmonic,-0.21,0.28,-0.0,-0.0,0.04
161,Speech,skewness,0.16,0.16,0.16,0.16,0.0
36,Speech,skewness,1.25,1.25,1.25,1.25,0.0
171,Speech,skewness,0.87,0.87,0.87,0.87,0.0
172,Speech,harmonic,-0.1,0.1,0.0,0.0,0.02
172,Speech,skewness,-0.42,-0.42,-0.42,-0.42,0.0
36,Speech,harmonic,-0.3,0.44,0.0,-0.0,0.05
173,Speech,harmonic,-0.08,0.05,-0.0,0.0,0.01
173,Speech,skewness,-0.56,-0.56,-0.56,-0.56,0.0
174,Speech,harmonic,-0.18,0.27,0.0,-0.0,0.06
35,Speech,skewness,-0.08,-0.08,-0.08,-0.08,0.0
171,Speech,harmonic,-0.34,0.52,0.0,-0.01,0.12
174,Speech,skewness,0.86,0.86,0.86,0.86,0.0
35,Speech,harmonic,-0.22,0.21,-0.0,0.0,0.04
176,Speech,harmonic,-0.16,0.21,0.0,-0.0,0.05
176,Speech,skewness,0.73,0.73,0.73,0.73,0.0
177,Speech,harmonic,-0.12,0.16,0.0,-0.0,0.02
34,Speech,skewness,-0.25,-0.25,-0.25,-0.25,0.0
177,Speech,skewness,0.28,0.28,0.28,0.28,0.0
178,Speech,harmonic,-0.2,0.19,0.0,0.0,0.04
178,Speech,skewness,-0.23,-0.23,-0.23,-0.23,0.0
34,Speech,harmonic,-0.2,0.2,0.0,0.0,0.03
175,Speech,harmonic,-0.39,0.37,-0.0,0.0,0.1
170,Speech,skewness,-0.06,-0.06,-0.06,-0.06,0.0
170,Speech,harmonic,-0.42,0.45,-0.0,-0.0,0.08
37,Speech,harmonic,-0.34,0.42,0.0,0.0,0.09
162,Speech,harmonic,-0.24,0.22,-0.0,0.0,0.03
39,Speech,skewness,-0.16,-0.16,-0.16,-0.16,0.0
162,Speech,skewness,-0.74,-0.74,-0.74,-0.74,0.0
163,Speech,harmonic,-0.19,0.17,-0.0,0.0,0.03
163,Speech,skewness,-0.52,-0.52,-0.52,-0.52,0.0
39,Speech,harmonic,-0.34,0.36,0.0,-0.0,0.05
164,Speech,harmonic,-0.0,0.0,-0.0,-0.0,0.0
164,Speech,skewness,0.11,0.11,0.11,0.11,0.0
165,Speech,harmonic,-0.21,0.25,-0.0,-0.0,0.04
38,Speech,skewness,-0.54,-0.54,-0.54,-0.54,0.0
165,Speech,skewness,0.17,0.17,0.17,0.17,0.0
166,Speech,harmonic,-0.2,0.15,0.0,0.0,0.04
166,Speech,skewness,-0.01,-0.01,-0.01,-0.01,0.0
38,Speech,harmonic,-0.23,0.22,-0.0,0.0,0.04
167,Speech,harmonic,-0.28,0.32,0.0,-0.0,0.04
167,Speech,skewness,0.41,0.41,0.41,0.41,0.0
168,Speech,harmonic,-0.09,0.12,0.0,-0.0,0.02
37,Speech,skewness,0.14,0.14,0.14,0.14,0.0
168,Speech,skewness,0.74,0.74,0.74,0.74,0.0
169,Speech,harmonic,-0.38,0.46,-0.0,-0.0,0.08
169,Speech,skewness,0.4,0.4,0.4,0.4,0.0
161,Speech,harmonic,-0.55,0.57,-0.0,-0.0,0.07
0,Speech,harmonic,-0.57,0.55,-0.0,0.0,0.1
